instanceID,experimentID,instanceType,wallTime,clients,threads,scaleFactor,transactionsType,queryMode,duration,transactions,mountPoint
i-081386f91917e838e,1573768024-0,m5d.large,60.190189838409424,10,10,1,TPC-B (sort of),simple,60 s,145271,data_directory = '/var/lib/postgresql/9.5/main'
i-081386f91917e838e,1573768024-0,m5d.large,60.187281370162964,10,10,1,TPC-B (sort of),simple,60 s,145140,data_directory = '/var/lib/postgresql/9.5/main'
i-081386f91917e838e,1573768024-0,m5d.large,60.1761839389801,10,10,1,TPC-B (sort of),simple,60 s,145455,data_directory = '/var/lib/postgresql/9.5/main'
i-081386f91917e838e,1573768024-0,m5d.large,60.17701458930969,10,10,1,TPC-B (sort of),simple,60 s,145326,data_directory = '/var/lib/postgresql/9.5/main'
i-081386f91917e838e,1573768024-0,m5d.large,60.180248975753784,10,10,1,TPC-B (sort of),simple,60 s,145640,data_directory = '/var/lib/postgresql/9.5/main'
i-081386f91917e838e,1573768024-0,m5d.large,60.18732452392578,10,10,1,TPC-B (sort of),simple,60 s,145441,data_directory = '/var/lib/postgresql/9.5/main'
i-081386f91917e838e,1573768024-0,m5d.large,60.181498527526855,10,10,1,TPC-B (sort of),simple,60 s,145158,data_directory = '/var/lib/postgresql/9.5/main'
i-081386f91917e838e,1573768024-0,m5d.large,60.175647258758545,10,10,1,TPC-B (sort of),simple,60 s,145850,data_directory = '/var/lib/postgresql/9.5/main'
i-081386f91917e838e,1573768024-0,m5d.large,60.173502683639526,10,10,1,TPC-B (sort of),simple,60 s,145503,data_directory = '/var/lib/postgresql/9.5/main'
i-081386f91917e838e,1573768024-0,m5d.large,60.18037223815918,10,10,1,TPC-B (sort of),simple,60 s,145942,data_directory = '/var/lib/postgresql/9.5/main'
i-00ff625dd40e36264,1573768024-0,m5d.large,60.33065605163574,10,10,1,TPC-B (sort of),simple,60 s,145203,data_directory = '/var/lib/postgresql/9.5/main'
i-00ff625dd40e36264,1573768024-0,m5d.large,60.23811435699463,10,10,1,TPC-B (sort of),simple,60 s,144571,data_directory = '/var/lib/postgresql/9.5/main'
i-00ff625dd40e36264,1573768024-0,m5d.large,60.31096911430359,10,10,1,TPC-B (sort of),simple,60 s,144351,data_directory = '/var/lib/postgresql/9.5/main'
i-00ff625dd40e36264,1573768024-0,m5d.large,60.274420738220215,10,10,1,TPC-B (sort of),simple,60 s,144003,data_directory = '/var/lib/postgresql/9.5/main'
i-00ff625dd40e36264,1573768024-0,m5d.large,60.21110773086548,10,10,1,TPC-B (sort of),simple,60 s,144338,data_directory = '/var/lib/postgresql/9.5/main'
i-00ff625dd40e36264,1573768024-0,m5d.large,60.2426438331604,10,10,1,TPC-B (sort of),simple,60 s,144414,data_directory = '/var/lib/postgresql/9.5/main'
i-00ff625dd40e36264,1573768024-0,m5d.large,60.28132367134094,10,10,1,TPC-B (sort of),simple,60 s,144393,data_directory = '/var/lib/postgresql/9.5/main'
i-00ff625dd40e36264,1573768024-0,m5d.large,60.30155944824219,10,10,1,TPC-B (sort of),simple,60 s,144125,data_directory = '/var/lib/postgresql/9.5/main'
i-00ff625dd40e36264,1573768024-0,m5d.large,60.29564189910889,10,10,1,TPC-B (sort of),simple,60 s,144433,data_directory = '/var/lib/postgresql/9.5/main'
i-00ff625dd40e36264,1573768024-0,m5d.large,60.214725971221924,10,10,1,TPC-B (sort of),simple,60 s,144294,data_directory = '/var/lib/postgresql/9.5/main'
i-048437a988cd24bc2,1573768024-0,m5d.large,60.38852071762085,10,10,1,TPC-B (sort of),simple,60 s,146893,data_directory = '/var/lib/postgresql/9.5/main'
i-048437a988cd24bc2,1573768024-0,m5d.large,60.22493600845337,10,10,1,TPC-B (sort of),simple,60 s,146871,data_directory = '/var/lib/postgresql/9.5/main'
i-048437a988cd24bc2,1573768024-0,m5d.large,60.22657918930054,10,10,1,TPC-B (sort of),simple,60 s,146545,data_directory = '/var/lib/postgresql/9.5/main'
i-048437a988cd24bc2,1573768024-0,m5d.large,60.20758676528931,10,10,1,TPC-B (sort of),simple,60 s,146705,data_directory = '/var/lib/postgresql/9.5/main'
i-048437a988cd24bc2,1573768024-0,m5d.large,60.25110197067261,10,10,1,TPC-B (sort of),simple,60 s,146678,data_directory = '/var/lib/postgresql/9.5/main'
i-048437a988cd24bc2,1573768024-0,m5d.large,60.25283885002136,10,10,1,TPC-B (sort of),simple,60 s,146954,data_directory = '/var/lib/postgresql/9.5/main'
i-048437a988cd24bc2,1573768024-0,m5d.large,60.21215105056763,10,10,1,TPC-B (sort of),simple,60 s,146314,data_directory = '/var/lib/postgresql/9.5/main'
i-048437a988cd24bc2,1573768024-0,m5d.large,60.218448638916016,10,10,1,TPC-B (sort of),simple,60 s,146212,data_directory = '/var/lib/postgresql/9.5/main'
i-048437a988cd24bc2,1573768024-0,m5d.large,60.23475408554077,10,10,1,TPC-B (sort of),simple,60 s,146668,data_directory = '/var/lib/postgresql/9.5/main'
i-048437a988cd24bc2,1573768024-0,m5d.large,60.27332019805908,10,10,1,TPC-B (sort of),simple,60 s,146663,data_directory = '/var/lib/postgresql/9.5/main'
i-0eb7976be5aeffcb4,1573768024-0,m5d.large,60.32317900657654,10,10,1,TPC-B (sort of),simple,60 s,38018,data_directory = '/var/lib/postgresql/9.5/main'
i-0eb7976be5aeffcb4,1573768024-0,m5d.large,60.24704384803772,10,10,1,TPC-B (sort of),simple,60 s,38142,data_directory = '/var/lib/postgresql/9.5/main'
i-0eb7976be5aeffcb4,1573768024-0,m5d.large,60.219300508499146,10,10,1,TPC-B (sort of),simple,60 s,36938,data_directory = '/var/lib/postgresql/9.5/main'
i-0eb7976be5aeffcb4,1573768024-0,m5d.large,60.28496980667114,10,10,1,TPC-B (sort of),simple,60 s,36771,data_directory = '/var/lib/postgresql/9.5/main'
i-0eb7976be5aeffcb4,1573768024-0,m5d.large,60.296167612075806,10,10,1,TPC-B (sort of),simple,60 s,37329,data_directory = '/var/lib/postgresql/9.5/main'
i-0eb7976be5aeffcb4,1573768024-0,m5d.large,60.2406747341156,10,10,1,TPC-B (sort of),simple,60 s,37350,data_directory = '/var/lib/postgresql/9.5/main'
i-0eb7976be5aeffcb4,1573768024-0,m5d.large,60.309654235839844,10,10,1,TPC-B (sort of),simple,60 s,38365,data_directory = '/var/lib/postgresql/9.5/main'
i-0eb7976be5aeffcb4,1573768024-0,m5d.large,60.31085562705994,10,10,1,TPC-B (sort of),simple,60 s,37002,data_directory = '/var/lib/postgresql/9.5/main'
i-0eb7976be5aeffcb4,1573768024-0,m5d.large,60.23639988899231,10,10,1,TPC-B (sort of),simple,60 s,37213,data_directory = '/var/lib/postgresql/9.5/main'
i-0eb7976be5aeffcb4,1573768024-0,m5d.large,60.25854563713074,10,10,1,TPC-B (sort of),simple,60 s,37312,data_directory = '/var/lib/postgresql/9.5/main'
i-02318c82e163422e3,1573768024-0,m5d.large,60.23872685432434,10,10,1,TPC-B (sort of),simple,60 s,34048,data_directory = '/var/lib/postgresql/9.5/main'
i-02318c82e163422e3,1573768024-0,m5d.large,60.22021675109863,10,10,1,TPC-B (sort of),simple,60 s,34153,data_directory = '/var/lib/postgresql/9.5/main'
i-02318c82e163422e3,1573768024-0,m5d.large,60.201011419296265,10,10,1,TPC-B (sort of),simple,60 s,32913,data_directory = '/var/lib/postgresql/9.5/main'
i-02318c82e163422e3,1573768024-0,m5d.large,60.14837384223938,10,10,1,TPC-B (sort of),simple,60 s,33050,data_directory = '/var/lib/postgresql/9.5/main'
i-02318c82e163422e3,1573768024-0,m5d.large,60.1669180393219,10,10,1,TPC-B (sort of),simple,60 s,33067,data_directory = '/var/lib/postgresql/9.5/main'
i-02318c82e163422e3,1573768024-0,m5d.large,60.183345317840576,10,10,1,TPC-B (sort of),simple,60 s,33421,data_directory = '/var/lib/postgresql/9.5/main'
i-02318c82e163422e3,1573768024-0,m5d.large,60.165961503982544,10,10,1,TPC-B (sort of),simple,60 s,33502,data_directory = '/var/lib/postgresql/9.5/main'
i-02318c82e163422e3,1573768024-0,m5d.large,60.21971917152405,10,10,1,TPC-B (sort of),simple,60 s,33172,data_directory = '/var/lib/postgresql/9.5/main'
i-02318c82e163422e3,1573768024-0,m5d.large,60.33613705635071,10,10,1,TPC-B (sort of),simple,60 s,32860,data_directory = '/var/lib/postgresql/9.5/main'
i-02318c82e163422e3,1573768024-0,m5d.large,60.182820558547974,10,10,1,TPC-B (sort of),simple,60 s,33193,data_directory = '/var/lib/postgresql/9.5/main'
i-0b9d71dac855d7716,1573768024-0,m5d.large,60.18662714958191,10,10,1,TPC-B (sort of),simple,60 s,154673,data_directory = '/var/lib/postgresql/9.5/main'
i-0b9d71dac855d7716,1573768024-0,m5d.large,60.18025851249695,10,10,1,TPC-B (sort of),simple,60 s,154439,data_directory = '/var/lib/postgresql/9.5/main'
i-0b9d71dac855d7716,1573768024-0,m5d.large,60.17605137825012,10,10,1,TPC-B (sort of),simple,60 s,154153,data_directory = '/var/lib/postgresql/9.5/main'
i-0b9d71dac855d7716,1573768024-0,m5d.large,60.186314821243286,10,10,1,TPC-B (sort of),simple,60 s,153796,data_directory = '/var/lib/postgresql/9.5/main'
i-0b9d71dac855d7716,1573768024-0,m5d.large,60.17722487449646,10,10,1,TPC-B (sort of),simple,60 s,154523,data_directory = '/var/lib/postgresql/9.5/main'
i-0b9d71dac855d7716,1573768024-0,m5d.large,60.17937231063843,10,10,1,TPC-B (sort of),simple,60 s,154858,data_directory = '/var/lib/postgresql/9.5/main'
i-0b9d71dac855d7716,1573768024-0,m5d.large,60.17876839637756,10,10,1,TPC-B (sort of),simple,60 s,154147,data_directory = '/var/lib/postgresql/9.5/main'
i-0b9d71dac855d7716,1573768024-0,m5d.large,60.17486786842346,10,10,1,TPC-B (sort of),simple,60 s,154179,data_directory = '/var/lib/postgresql/9.5/main'
i-0b9d71dac855d7716,1573768024-0,m5d.large,60.178115367889404,10,10,1,TPC-B (sort of),simple,60 s,154436,data_directory = '/var/lib/postgresql/9.5/main'
i-0b9d71dac855d7716,1573768024-0,m5d.large,60.17908239364624,10,10,1,TPC-B (sort of),simple,60 s,154585,data_directory = '/var/lib/postgresql/9.5/main'
i-0184f3296c5ced0a3,1573768024-0,m5d.large,60.31348133087158,10,10,1,TPC-B (sort of),simple,60 s,144867,data_directory = '/var/lib/postgresql/9.5/main'
i-0184f3296c5ced0a3,1573768024-0,m5d.large,60.19297480583191,10,10,1,TPC-B (sort of),simple,60 s,144606,data_directory = '/var/lib/postgresql/9.5/main'
i-0184f3296c5ced0a3,1573768024-0,m5d.large,60.247315406799316,10,10,1,TPC-B (sort of),simple,60 s,144655,data_directory = '/var/lib/postgresql/9.5/main'
i-0184f3296c5ced0a3,1573768024-0,m5d.large,60.27432131767273,10,10,1,TPC-B (sort of),simple,60 s,144817,data_directory = '/var/lib/postgresql/9.5/main'
i-0184f3296c5ced0a3,1573768024-0,m5d.large,60.287856101989746,10,10,1,TPC-B (sort of),simple,60 s,144654,data_directory = '/var/lib/postgresql/9.5/main'
i-0184f3296c5ced0a3,1573768024-0,m5d.large,60.198105812072754,10,10,1,TPC-B (sort of),simple,60 s,144395,data_directory = '/var/lib/postgresql/9.5/main'
i-0184f3296c5ced0a3,1573768024-0,m5d.large,60.223920822143555,10,10,1,TPC-B (sort of),simple,60 s,144032,data_directory = '/var/lib/postgresql/9.5/main'
i-0184f3296c5ced0a3,1573768024-0,m5d.large,60.313881158828735,10,10,1,TPC-B (sort of),simple,60 s,144583,data_directory = '/var/lib/postgresql/9.5/main'
i-0184f3296c5ced0a3,1573768024-0,m5d.large,60.18766713142395,10,10,1,TPC-B (sort of),simple,60 s,144410,data_directory = '/var/lib/postgresql/9.5/main'
i-0184f3296c5ced0a3,1573768024-0,m5d.large,60.24458646774292,10,10,1,TPC-B (sort of),simple,60 s,144147,data_directory = '/var/lib/postgresql/9.5/main'
i-0566cd5b507446d49,1573768024-0,m5d.large,60.31018781661987,10,10,1,TPC-B (sort of),simple,60 s,166110,data_directory = '/var/lib/postgresql/9.5/main'
i-0566cd5b507446d49,1573768024-0,m5d.large,60.25066924095154,10,10,1,TPC-B (sort of),simple,60 s,165893,data_directory = '/var/lib/postgresql/9.5/main'
i-0566cd5b507446d49,1573768024-0,m5d.large,60.31584072113037,10,10,1,TPC-B (sort of),simple,60 s,165743,data_directory = '/var/lib/postgresql/9.5/main'
i-0566cd5b507446d49,1573768024-0,m5d.large,60.165305614471436,10,10,1,TPC-B (sort of),simple,60 s,165172,data_directory = '/var/lib/postgresql/9.5/main'
i-0566cd5b507446d49,1573768024-0,m5d.large,60.180155992507935,10,10,1,TPC-B (sort of),simple,60 s,165455,data_directory = '/var/lib/postgresql/9.5/main'
i-0566cd5b507446d49,1573768024-0,m5d.large,60.25601363182068,10,10,1,TPC-B (sort of),simple,60 s,166022,data_directory = '/var/lib/postgresql/9.5/main'
i-0566cd5b507446d49,1573768024-0,m5d.large,60.294461727142334,10,10,1,TPC-B (sort of),simple,60 s,165214,data_directory = '/var/lib/postgresql/9.5/main'
i-0566cd5b507446d49,1573768024-0,m5d.large,60.31224799156189,10,10,1,TPC-B (sort of),simple,60 s,165517,data_directory = '/var/lib/postgresql/9.5/main'
i-0566cd5b507446d49,1573768024-0,m5d.large,60.2681303024292,10,10,1,TPC-B (sort of),simple,60 s,165970,data_directory = '/var/lib/postgresql/9.5/main'
i-0566cd5b507446d49,1573768024-0,m5d.large,60.308576345443726,10,10,1,TPC-B (sort of),simple,60 s,166428,data_directory = '/var/lib/postgresql/9.5/main'
i-078ea60809fc28e50,1573768024-0,m5d.large,60.29293870925903,10,10,1,TPC-B (sort of),simple,60 s,145521,data_directory = '/var/lib/postgresql/9.5/main'
i-078ea60809fc28e50,1573768024-0,m5d.large,60.26013112068176,10,10,1,TPC-B (sort of),simple,60 s,145155,data_directory = '/var/lib/postgresql/9.5/main'
i-078ea60809fc28e50,1573768024-0,m5d.large,60.2008273601532,10,10,1,TPC-B (sort of),simple,60 s,144699,data_directory = '/var/lib/postgresql/9.5/main'
i-078ea60809fc28e50,1573768024-0,m5d.large,60.27896308898926,10,10,1,TPC-B (sort of),simple,60 s,145235,data_directory = '/var/lib/postgresql/9.5/main'
i-078ea60809fc28e50,1573768024-0,m5d.large,60.22538781166077,10,10,1,TPC-B (sort of),simple,60 s,145224,data_directory = '/var/lib/postgresql/9.5/main'
i-078ea60809fc28e50,1573768024-0,m5d.large,60.237605810165405,10,10,1,TPC-B (sort of),simple,60 s,145130,data_directory = '/var/lib/postgresql/9.5/main'
i-078ea60809fc28e50,1573768024-0,m5d.large,60.24946475028992,10,10,1,TPC-B (sort of),simple,60 s,145164,data_directory = '/var/lib/postgresql/9.5/main'
i-078ea60809fc28e50,1573768024-0,m5d.large,60.31357192993164,10,10,1,TPC-B (sort of),simple,60 s,144990,data_directory = '/var/lib/postgresql/9.5/main'
i-078ea60809fc28e50,1573768024-0,m5d.large,60.20041060447693,10,10,1,TPC-B (sort of),simple,60 s,145001,data_directory = '/var/lib/postgresql/9.5/main'
i-078ea60809fc28e50,1573768024-0,m5d.large,60.19197106361389,10,10,1,TPC-B (sort of),simple,60 s,145432,data_directory = '/var/lib/postgresql/9.5/main'
i-060d2899cded5cca0,1573768024-0,m5d.large,60.21752882003784,10,10,1,TPC-B (sort of),simple,60 s,147737,data_directory = '/var/lib/postgresql/9.5/main'
i-060d2899cded5cca0,1573768024-0,m5d.large,60.1772084236145,10,10,1,TPC-B (sort of),simple,60 s,147575,data_directory = '/var/lib/postgresql/9.5/main'
i-060d2899cded5cca0,1573768024-0,m5d.large,60.1729097366333,10,10,1,TPC-B (sort of),simple,60 s,147427,data_directory = '/var/lib/postgresql/9.5/main'
i-060d2899cded5cca0,1573768024-0,m5d.large,60.17684745788574,10,10,1,TPC-B (sort of),simple,60 s,148106,data_directory = '/var/lib/postgresql/9.5/main'
i-060d2899cded5cca0,1573768024-0,m5d.large,60.1787052154541,10,10,1,TPC-B (sort of),simple,60 s,148003,data_directory = '/var/lib/postgresql/9.5/main'
i-060d2899cded5cca0,1573768024-0,m5d.large,60.177404165267944,10,10,1,TPC-B (sort of),simple,60 s,147576,data_directory = '/var/lib/postgresql/9.5/main'
i-060d2899cded5cca0,1573768024-0,m5d.large,60.17770743370056,10,10,1,TPC-B (sort of),simple,60 s,146504,data_directory = '/var/lib/postgresql/9.5/main'
i-060d2899cded5cca0,1573768024-0,m5d.large,60.18216037750244,10,10,1,TPC-B (sort of),simple,60 s,147171,data_directory = '/var/lib/postgresql/9.5/main'
i-060d2899cded5cca0,1573768024-0,m5d.large,60.17592716217041,10,10,1,TPC-B (sort of),simple,60 s,147741,data_directory = '/var/lib/postgresql/9.5/main'
i-060d2899cded5cca0,1573768024-0,m5d.large,60.17903971672058,10,10,1,TPC-B (sort of),simple,60 s,147925,data_directory = '/var/lib/postgresql/9.5/main'
i-0561955e4d5e32bb3,1573768024-0,m5d.large,60.26105856895447,10,10,1,TPC-B (sort of),simple,60 s,144338,data_directory = '/var/lib/postgresql/9.5/main'
i-0561955e4d5e32bb3,1573768024-0,m5d.large,60.18987154960632,10,10,1,TPC-B (sort of),simple,60 s,144411,data_directory = '/var/lib/postgresql/9.5/main'
i-0561955e4d5e32bb3,1573768024-0,m5d.large,60.181713581085205,10,10,1,TPC-B (sort of),simple,60 s,144127,data_directory = '/var/lib/postgresql/9.5/main'
i-0561955e4d5e32bb3,1573768024-0,m5d.large,60.184911489486694,10,10,1,TPC-B (sort of),simple,60 s,144543,data_directory = '/var/lib/postgresql/9.5/main'
i-0561955e4d5e32bb3,1573768024-0,m5d.large,60.18228626251221,10,10,1,TPC-B (sort of),simple,60 s,145070,data_directory = '/var/lib/postgresql/9.5/main'
i-0561955e4d5e32bb3,1573768024-0,m5d.large,60.18328857421875,10,10,1,TPC-B (sort of),simple,60 s,144556,data_directory = '/var/lib/postgresql/9.5/main'
i-0561955e4d5e32bb3,1573768024-0,m5d.large,60.185402631759644,10,10,1,TPC-B (sort of),simple,60 s,144848,data_directory = '/var/lib/postgresql/9.5/main'
i-0561955e4d5e32bb3,1573768024-0,m5d.large,60.18503022193909,10,10,1,TPC-B (sort of),simple,60 s,144274,data_directory = '/var/lib/postgresql/9.5/main'
i-0561955e4d5e32bb3,1573768024-0,m5d.large,60.1808979511261,10,10,1,TPC-B (sort of),simple,60 s,144949,data_directory = '/var/lib/postgresql/9.5/main'
i-0561955e4d5e32bb3,1573768024-0,m5d.large,60.20402693748474,10,10,1,TPC-B (sort of),simple,60 s,144755,data_directory = '/var/lib/postgresql/9.5/main'
i-0b0ce2b1e2797b20e,1573768024-0,m5d.large,60.29032015800476,10,10,1,TPC-B (sort of),simple,60 s,166214,data_directory = '/var/lib/postgresql/9.5/main'
i-0b0ce2b1e2797b20e,1573768024-0,m5d.large,60.217581272125244,10,10,1,TPC-B (sort of),simple,60 s,166032,data_directory = '/var/lib/postgresql/9.5/main'
i-0b0ce2b1e2797b20e,1573768024-0,m5d.large,60.25413107872009,10,10,1,TPC-B (sort of),simple,60 s,165891,data_directory = '/var/lib/postgresql/9.5/main'
i-0b0ce2b1e2797b20e,1573768024-0,m5d.large,60.15341901779175,10,10,1,TPC-B (sort of),simple,60 s,165865,data_directory = '/var/lib/postgresql/9.5/main'
i-0b0ce2b1e2797b20e,1573768024-0,m5d.large,60.27031183242798,10,10,1,TPC-B (sort of),simple,60 s,166268,data_directory = '/var/lib/postgresql/9.5/main'
i-0b0ce2b1e2797b20e,1573768024-0,m5d.large,60.19581985473633,10,10,1,TPC-B (sort of),simple,60 s,166615,data_directory = '/var/lib/postgresql/9.5/main'
i-0b0ce2b1e2797b20e,1573768024-0,m5d.large,60.17844820022583,10,10,1,TPC-B (sort of),simple,60 s,166724,data_directory = '/var/lib/postgresql/9.5/main'
i-0b0ce2b1e2797b20e,1573768024-0,m5d.large,60.2089581489563,10,10,1,TPC-B (sort of),simple,60 s,166656,data_directory = '/var/lib/postgresql/9.5/main'
i-0b0ce2b1e2797b20e,1573768024-0,m5d.large,60.14810872077942,10,10,1,TPC-B (sort of),simple,60 s,166787,data_directory = '/var/lib/postgresql/9.5/main'
i-0b0ce2b1e2797b20e,1573768024-0,m5d.large,60.171592712402344,10,10,1,TPC-B (sort of),simple,60 s,167081,data_directory = '/var/lib/postgresql/9.5/main'
i-0afb08fdf0ee3e315,1573768024-0,m5d.large,60.2855908870697,10,10,1,TPC-B (sort of),simple,60 s,165306,data_directory = '/var/lib/postgresql/9.5/main'
i-0afb08fdf0ee3e315,1573768024-0,m5d.large,60.17470955848694,10,10,1,TPC-B (sort of),simple,60 s,165409,data_directory = '/var/lib/postgresql/9.5/main'
i-0afb08fdf0ee3e315,1573768024-0,m5d.large,60.13579297065735,10,10,1,TPC-B (sort of),simple,60 s,165002,data_directory = '/var/lib/postgresql/9.5/main'
i-0afb08fdf0ee3e315,1573768024-0,m5d.large,60.24155402183533,10,10,1,TPC-B (sort of),simple,60 s,164842,data_directory = '/var/lib/postgresql/9.5/main'
i-0afb08fdf0ee3e315,1573768024-0,m5d.large,60.26665139198303,10,10,1,TPC-B (sort of),simple,60 s,165276,data_directory = '/var/lib/postgresql/9.5/main'
i-0afb08fdf0ee3e315,1573768024-0,m5d.large,60.216797828674316,10,10,1,TPC-B (sort of),simple,60 s,164879,data_directory = '/var/lib/postgresql/9.5/main'
i-0afb08fdf0ee3e315,1573768024-0,m5d.large,60.22452926635742,10,10,1,TPC-B (sort of),simple,60 s,164779,data_directory = '/var/lib/postgresql/9.5/main'
i-0afb08fdf0ee3e315,1573768024-0,m5d.large,60.25040149688721,10,10,1,TPC-B (sort of),simple,60 s,164619,data_directory = '/var/lib/postgresql/9.5/main'
i-0afb08fdf0ee3e315,1573768024-0,m5d.large,60.20620083808899,10,10,1,TPC-B (sort of),simple,60 s,165230,data_directory = '/var/lib/postgresql/9.5/main'
i-0afb08fdf0ee3e315,1573768024-0,m5d.large,60.256000995635986,10,10,1,TPC-B (sort of),simple,60 s,165036,data_directory = '/var/lib/postgresql/9.5/main'
i-02bc03c5959e7d210,1573768024-0,m5d.large,60.34432363510132,10,10,1,TPC-B (sort of),simple,60 s,144549,data_directory = '/var/lib/postgresql/9.5/main'
i-02bc03c5959e7d210,1573768024-0,m5d.large,60.183621644973755,10,10,1,TPC-B (sort of),simple,60 s,144555,data_directory = '/var/lib/postgresql/9.5/main'
i-02bc03c5959e7d210,1573768024-0,m5d.large,60.2244610786438,10,10,1,TPC-B (sort of),simple,60 s,144313,data_directory = '/var/lib/postgresql/9.5/main'
i-02bc03c5959e7d210,1573768024-0,m5d.large,60.25790619850159,10,10,1,TPC-B (sort of),simple,60 s,144542,data_directory = '/var/lib/postgresql/9.5/main'
i-02bc03c5959e7d210,1573768024-0,m5d.large,60.23036599159241,10,10,1,TPC-B (sort of),simple,60 s,144738,data_directory = '/var/lib/postgresql/9.5/main'
i-02bc03c5959e7d210,1573768024-0,m5d.large,60.235032081604004,10,10,1,TPC-B (sort of),simple,60 s,144487,data_directory = '/var/lib/postgresql/9.5/main'
i-02bc03c5959e7d210,1573768024-0,m5d.large,60.235870599746704,10,10,1,TPC-B (sort of),simple,60 s,144457,data_directory = '/var/lib/postgresql/9.5/main'
i-02bc03c5959e7d210,1573768024-0,m5d.large,60.19090723991394,10,10,1,TPC-B (sort of),simple,60 s,144088,data_directory = '/var/lib/postgresql/9.5/main'
i-02bc03c5959e7d210,1573768024-0,m5d.large,60.18996596336365,10,10,1,TPC-B (sort of),simple,60 s,144783,data_directory = '/var/lib/postgresql/9.5/main'
i-02bc03c5959e7d210,1573768024-0,m5d.large,60.22452640533447,10,10,1,TPC-B (sort of),simple,60 s,144584,data_directory = '/var/lib/postgresql/9.5/main'
i-0c74f3a05a4a9b764,1573768024-0,m5d.large,60.21579337120056,10,10,1,TPC-B (sort of),simple,60 s,149013,data_directory = '/var/lib/postgresql/9.5/main'
i-0c74f3a05a4a9b764,1573768024-0,m5d.large,60.21149706840515,10,10,1,TPC-B (sort of),simple,60 s,148892,data_directory = '/var/lib/postgresql/9.5/main'
i-0c74f3a05a4a9b764,1573768024-0,m5d.large,60.21252202987671,10,10,1,TPC-B (sort of),simple,60 s,148608,data_directory = '/var/lib/postgresql/9.5/main'
i-0c74f3a05a4a9b764,1573768024-0,m5d.large,60.211174964904785,10,10,1,TPC-B (sort of),simple,60 s,148657,data_directory = '/var/lib/postgresql/9.5/main'
i-0c74f3a05a4a9b764,1573768024-0,m5d.large,60.211466789245605,10,10,1,TPC-B (sort of),simple,60 s,148942,data_directory = '/var/lib/postgresql/9.5/main'
i-0c74f3a05a4a9b764,1573768024-0,m5d.large,60.212849140167236,10,10,1,TPC-B (sort of),simple,60 s,149006,data_directory = '/var/lib/postgresql/9.5/main'
i-0c74f3a05a4a9b764,1573768024-0,m5d.large,60.213706254959106,10,10,1,TPC-B (sort of),simple,60 s,147716,data_directory = '/var/lib/postgresql/9.5/main'
i-0c74f3a05a4a9b764,1573768024-0,m5d.large,60.21172833442688,10,10,1,TPC-B (sort of),simple,60 s,148899,data_directory = '/var/lib/postgresql/9.5/main'
i-0c74f3a05a4a9b764,1573768024-0,m5d.large,60.209801197052,10,10,1,TPC-B (sort of),simple,60 s,149035,data_directory = '/var/lib/postgresql/9.5/main'
i-0c74f3a05a4a9b764,1573768024-0,m5d.large,60.20934247970581,10,10,1,TPC-B (sort of),simple,60 s,149197,data_directory = '/var/lib/postgresql/9.5/main'
i-07977eaaa9497dbec,1573768024-0,m5d.large,60.220932960510254,10,10,1,TPC-B (sort of),simple,60 s,147338,data_directory = '/var/lib/postgresql/9.5/main'
i-07977eaaa9497dbec,1573768024-0,m5d.large,60.216286182403564,10,10,1,TPC-B (sort of),simple,60 s,147133,data_directory = '/var/lib/postgresql/9.5/main'
i-07977eaaa9497dbec,1573768024-0,m5d.large,60.225645542144775,10,10,1,TPC-B (sort of),simple,60 s,147491,data_directory = '/var/lib/postgresql/9.5/main'
i-07977eaaa9497dbec,1573768024-0,m5d.large,60.257686376571655,10,10,1,TPC-B (sort of),simple,60 s,147997,data_directory = '/var/lib/postgresql/9.5/main'
i-07977eaaa9497dbec,1573768024-0,m5d.large,60.21206974983215,10,10,1,TPC-B (sort of),simple,60 s,147679,data_directory = '/var/lib/postgresql/9.5/main'
i-07977eaaa9497dbec,1573768024-0,m5d.large,60.20991826057434,10,10,1,TPC-B (sort of),simple,60 s,147748,data_directory = '/var/lib/postgresql/9.5/main'
i-07977eaaa9497dbec,1573768024-0,m5d.large,60.21388053894043,10,10,1,TPC-B (sort of),simple,60 s,146437,data_directory = '/var/lib/postgresql/9.5/main'
i-07977eaaa9497dbec,1573768024-0,m5d.large,60.2112991809845,10,10,1,TPC-B (sort of),simple,60 s,147285,data_directory = '/var/lib/postgresql/9.5/main'
i-07977eaaa9497dbec,1573768024-0,m5d.large,60.21146821975708,10,10,1,TPC-B (sort of),simple,60 s,147742,data_directory = '/var/lib/postgresql/9.5/main'
i-07977eaaa9497dbec,1573768024-0,m5d.large,60.22048759460449,10,10,1,TPC-B (sort of),simple,60 s,147544,data_directory = '/var/lib/postgresql/9.5/main'
i-015aae8f081e83dd1,1573768024-0,m5d.large,60.5007963180542,10,10,1,TPC-B (sort of),simple,60 s,167507,data_directory = '/var/lib/postgresql/9.5/main'
i-015aae8f081e83dd1,1573768024-0,m5d.large,60.30226373672485,10,10,1,TPC-B (sort of),simple,60 s,167242,data_directory = '/var/lib/postgresql/9.5/main'
i-015aae8f081e83dd1,1573768024-0,m5d.large,60.23889231681824,10,10,1,TPC-B (sort of),simple,60 s,167286,data_directory = '/var/lib/postgresql/9.5/main'
i-015aae8f081e83dd1,1573768024-0,m5d.large,60.220309019088745,10,10,1,TPC-B (sort of),simple,60 s,166806,data_directory = '/var/lib/postgresql/9.5/main'
i-015aae8f081e83dd1,1573768024-0,m5d.large,60.23860502243042,10,10,1,TPC-B (sort of),simple,60 s,167315,data_directory = '/var/lib/postgresql/9.5/main'
i-015aae8f081e83dd1,1573768024-0,m5d.large,60.21675229072571,10,10,1,TPC-B (sort of),simple,60 s,167032,data_directory = '/var/lib/postgresql/9.5/main'
i-015aae8f081e83dd1,1573768024-0,m5d.large,60.238099575042725,10,10,1,TPC-B (sort of),simple,60 s,166657,data_directory = '/var/lib/postgresql/9.5/main'
i-015aae8f081e83dd1,1573768024-0,m5d.large,60.21987175941467,10,10,1,TPC-B (sort of),simple,60 s,167057,data_directory = '/var/lib/postgresql/9.5/main'
i-015aae8f081e83dd1,1573768024-0,m5d.large,60.1895546913147,10,10,1,TPC-B (sort of),simple,60 s,167711,data_directory = '/var/lib/postgresql/9.5/main'
i-015aae8f081e83dd1,1573768024-0,m5d.large,60.208144664764404,10,10,1,TPC-B (sort of),simple,60 s,168071,data_directory = '/var/lib/postgresql/9.5/main'
i-090f400814f25580f,1573768024-0,m5d.large,60.28201365470886,10,10,1,TPC-B (sort of),simple,60 s,144799,data_directory = '/var/lib/postgresql/9.5/main'
i-090f400814f25580f,1573768024-0,m5d.large,60.2121365070343,10,10,1,TPC-B (sort of),simple,60 s,144282,data_directory = '/var/lib/postgresql/9.5/main'
i-090f400814f25580f,1573768024-0,m5d.large,60.15408253669739,10,10,1,TPC-B (sort of),simple,60 s,144169,data_directory = '/var/lib/postgresql/9.5/main'
i-090f400814f25580f,1573768024-0,m5d.large,60.22766351699829,10,10,1,TPC-B (sort of),simple,60 s,144423,data_directory = '/var/lib/postgresql/9.5/main'
i-090f400814f25580f,1573768024-0,m5d.large,60.242281436920166,10,10,1,TPC-B (sort of),simple,60 s,144554,data_directory = '/var/lib/postgresql/9.5/main'
i-090f400814f25580f,1573768024-0,m5d.large,60.150482416152954,10,10,1,TPC-B (sort of),simple,60 s,143615,data_directory = '/var/lib/postgresql/9.5/main'
i-090f400814f25580f,1573768024-0,m5d.large,60.15392303466797,10,10,1,TPC-B (sort of),simple,60 s,144993,data_directory = '/var/lib/postgresql/9.5/main'
i-090f400814f25580f,1573768024-0,m5d.large,60.149221897125244,10,10,1,TPC-B (sort of),simple,60 s,144970,data_directory = '/var/lib/postgresql/9.5/main'
i-090f400814f25580f,1573768024-0,m5d.large,60.147101640701294,10,10,1,TPC-B (sort of),simple,60 s,144906,data_directory = '/var/lib/postgresql/9.5/main'
i-090f400814f25580f,1573768024-0,m5d.large,60.190606117248535,10,10,1,TPC-B (sort of),simple,60 s,145105,data_directory = '/var/lib/postgresql/9.5/main'
i-02333dfb92b0fd7c2,1573768024-0,m5d.large,60.20049262046814,10,10,1,TPC-B (sort of),simple,60 s,163832,data_directory = '/var/lib/postgresql/9.5/main'
i-02333dfb92b0fd7c2,1573768024-0,m5d.large,60.20750594139099,10,10,1,TPC-B (sort of),simple,60 s,163766,data_directory = '/var/lib/postgresql/9.5/main'
i-02333dfb92b0fd7c2,1573768024-0,m5d.large,60.16448187828064,10,10,1,TPC-B (sort of),simple,60 s,163447,data_directory = '/var/lib/postgresql/9.5/main'
i-02333dfb92b0fd7c2,1573768024-0,m5d.large,60.159791469573975,10,10,1,TPC-B (sort of),simple,60 s,163117,data_directory = '/var/lib/postgresql/9.5/main'
i-02333dfb92b0fd7c2,1573768024-0,m5d.large,60.16618347167969,10,10,1,TPC-B (sort of),simple,60 s,163882,data_directory = '/var/lib/postgresql/9.5/main'
i-02333dfb92b0fd7c2,1573768024-0,m5d.large,60.16470694541931,10,10,1,TPC-B (sort of),simple,60 s,163729,data_directory = '/var/lib/postgresql/9.5/main'
i-02333dfb92b0fd7c2,1573768024-0,m5d.large,60.16642379760742,10,10,1,TPC-B (sort of),simple,60 s,163587,data_directory = '/var/lib/postgresql/9.5/main'
i-02333dfb92b0fd7c2,1573768024-0,m5d.large,60.16639566421509,10,10,1,TPC-B (sort of),simple,60 s,163888,data_directory = '/var/lib/postgresql/9.5/main'
i-02333dfb92b0fd7c2,1573768024-0,m5d.large,60.285194396972656,10,10,1,TPC-B (sort of),simple,60 s,163721,data_directory = '/var/lib/postgresql/9.5/main'
i-02333dfb92b0fd7c2,1573768024-0,m5d.large,60.16643691062927,10,10,1,TPC-B (sort of),simple,60 s,163714,data_directory = '/var/lib/postgresql/9.5/main'
i-0362f245e855b6c1e,1573768024-0,m5d.large,60.36820602416992,10,10,1,TPC-B (sort of),simple,60 s,144125,data_directory = '/var/lib/postgresql/9.5/main'
i-0362f245e855b6c1e,1573768024-0,m5d.large,60.22227597236633,10,10,1,TPC-B (sort of),simple,60 s,144277,data_directory = '/var/lib/postgresql/9.5/main'
i-0362f245e855b6c1e,1573768024-0,m5d.large,60.31825280189514,10,10,1,TPC-B (sort of),simple,60 s,144358,data_directory = '/var/lib/postgresql/9.5/main'
i-0362f245e855b6c1e,1573768024-0,m5d.large,60.22178792953491,10,10,1,TPC-B (sort of),simple,60 s,144183,data_directory = '/var/lib/postgresql/9.5/main'
i-0362f245e855b6c1e,1573768024-0,m5d.large,60.25358033180237,10,10,1,TPC-B (sort of),simple,60 s,144837,data_directory = '/var/lib/postgresql/9.5/main'
i-0362f245e855b6c1e,1573768024-0,m5d.large,60.197648763656616,10,10,1,TPC-B (sort of),simple,60 s,144897,data_directory = '/var/lib/postgresql/9.5/main'
i-0362f245e855b6c1e,1573768024-0,m5d.large,60.274102449417114,10,10,1,TPC-B (sort of),simple,60 s,144434,data_directory = '/var/lib/postgresql/9.5/main'
i-0362f245e855b6c1e,1573768024-0,m5d.large,60.3082001209259,10,10,1,TPC-B (sort of),simple,60 s,144696,data_directory = '/var/lib/postgresql/9.5/main'
i-0362f245e855b6c1e,1573768024-0,m5d.large,60.258726835250854,10,10,1,TPC-B (sort of),simple,60 s,144749,data_directory = '/var/lib/postgresql/9.5/main'
i-0362f245e855b6c1e,1573768024-0,m5d.large,60.297367334365845,10,10,1,TPC-B (sort of),simple,60 s,145011,data_directory = '/var/lib/postgresql/9.5/main'
i-02bed2fd844f2949d,1573768024-0,m5d.large,60.347312450408936,10,10,1,TPC-B (sort of),simple,60 s,144207,data_directory = '/var/lib/postgresql/9.5/main'
i-02bed2fd844f2949d,1573768024-0,m5d.large,60.25722622871399,10,10,1,TPC-B (sort of),simple,60 s,144091,data_directory = '/var/lib/postgresql/9.5/main'
i-02bed2fd844f2949d,1573768024-0,m5d.large,60.22567439079285,10,10,1,TPC-B (sort of),simple,60 s,144141,data_directory = '/var/lib/postgresql/9.5/main'
i-02bed2fd844f2949d,1573768024-0,m5d.large,60.2751829624176,10,10,1,TPC-B (sort of),simple,60 s,143726,data_directory = '/var/lib/postgresql/9.5/main'
i-02bed2fd844f2949d,1573768024-0,m5d.large,60.275511741638184,10,10,1,TPC-B (sort of),simple,60 s,143848,data_directory = '/var/lib/postgresql/9.5/main'
i-02bed2fd844f2949d,1573768024-0,m5d.large,60.23047089576721,10,10,1,TPC-B (sort of),simple,60 s,143440,data_directory = '/var/lib/postgresql/9.5/main'
i-02bed2fd844f2949d,1573768024-0,m5d.large,60.48869585990906,10,10,1,TPC-B (sort of),simple,60 s,143773,data_directory = '/var/lib/postgresql/9.5/main'
i-02bed2fd844f2949d,1573768024-0,m5d.large,60.2492253780365,10,10,1,TPC-B (sort of),simple,60 s,143442,data_directory = '/var/lib/postgresql/9.5/main'
i-02bed2fd844f2949d,1573768024-0,m5d.large,60.24078893661499,10,10,1,TPC-B (sort of),simple,60 s,143938,data_directory = '/var/lib/postgresql/9.5/main'
i-02bed2fd844f2949d,1573768024-0,m5d.large,60.287251472473145,10,10,1,TPC-B (sort of),simple,60 s,144464,data_directory = '/var/lib/postgresql/9.5/main'
i-0f860464a9dcaea19,1573768024-0,m5d.large,60.187403202056885,10,10,1,TPC-B (sort of),simple,60 s,164981,data_directory = '/var/lib/postgresql/9.5/main'
i-0f860464a9dcaea19,1573768024-0,m5d.large,60.18254470825195,10,10,1,TPC-B (sort of),simple,60 s,164647,data_directory = '/var/lib/postgresql/9.5/main'
i-0f860464a9dcaea19,1573768024-0,m5d.large,60.18389678001404,10,10,1,TPC-B (sort of),simple,60 s,164712,data_directory = '/var/lib/postgresql/9.5/main'
i-0f860464a9dcaea19,1573768024-0,m5d.large,60.180426597595215,10,10,1,TPC-B (sort of),simple,60 s,164822,data_directory = '/var/lib/postgresql/9.5/main'
i-0f860464a9dcaea19,1573768024-0,m5d.large,60.1766471862793,10,10,1,TPC-B (sort of),simple,60 s,165211,data_directory = '/var/lib/postgresql/9.5/main'
i-0f860464a9dcaea19,1573768024-0,m5d.large,60.18461775779724,10,10,1,TPC-B (sort of),simple,60 s,164504,data_directory = '/var/lib/postgresql/9.5/main'
i-0f860464a9dcaea19,1573768024-0,m5d.large,60.18254017829895,10,10,1,TPC-B (sort of),simple,60 s,164655,data_directory = '/var/lib/postgresql/9.5/main'
i-0f860464a9dcaea19,1573768024-0,m5d.large,60.174304723739624,10,10,1,TPC-B (sort of),simple,60 s,164981,data_directory = '/var/lib/postgresql/9.5/main'
i-0f860464a9dcaea19,1573768024-0,m5d.large,60.17853593826294,10,10,1,TPC-B (sort of),simple,60 s,165015,data_directory = '/var/lib/postgresql/9.5/main'
i-0f860464a9dcaea19,1573768024-0,m5d.large,60.18004298210144,10,10,1,TPC-B (sort of),simple,60 s,165023,data_directory = '/var/lib/postgresql/9.5/main'
i-08cce5c62f76eb079,1573768024-0,m5d.large,60.198325395584106,10,10,1,TPC-B (sort of),simple,60 s,160969,data_directory = '/var/lib/postgresql/9.5/main'
i-08cce5c62f76eb079,1573768024-0,m5d.large,60.182737827301025,10,10,1,TPC-B (sort of),simple,60 s,161087,data_directory = '/var/lib/postgresql/9.5/main'
i-08cce5c62f76eb079,1573768024-0,m5d.large,60.30082583427429,10,10,1,TPC-B (sort of),simple,60 s,161000,data_directory = '/var/lib/postgresql/9.5/main'
i-08cce5c62f76eb079,1573768024-0,m5d.large,60.18660378456116,10,10,1,TPC-B (sort of),simple,60 s,161189,data_directory = '/var/lib/postgresql/9.5/main'
i-08cce5c62f76eb079,1573768024-0,m5d.large,60.24467062950134,10,10,1,TPC-B (sort of),simple,60 s,161219,data_directory = '/var/lib/postgresql/9.5/main'
i-08cce5c62f76eb079,1573768024-0,m5d.large,60.18351745605469,10,10,1,TPC-B (sort of),simple,60 s,160864,data_directory = '/var/lib/postgresql/9.5/main'
i-08cce5c62f76eb079,1573768024-0,m5d.large,60.19079256057739,10,10,1,TPC-B (sort of),simple,60 s,160828,data_directory = '/var/lib/postgresql/9.5/main'
i-08cce5c62f76eb079,1573768024-0,m5d.large,60.18628239631653,10,10,1,TPC-B (sort of),simple,60 s,161164,data_directory = '/var/lib/postgresql/9.5/main'
i-08cce5c62f76eb079,1573768024-0,m5d.large,60.26602220535278,10,10,1,TPC-B (sort of),simple,60 s,161220,data_directory = '/var/lib/postgresql/9.5/main'
i-08cce5c62f76eb079,1573768024-0,m5d.large,60.18868327140808,10,10,1,TPC-B (sort of),simple,60 s,161506,data_directory = '/var/lib/postgresql/9.5/main'
i-02baf91f487c27cd0,1573768024-0,m5d.large,60.31516647338867,10,10,1,TPC-B (sort of),simple,60 s,143788,data_directory = '/var/lib/postgresql/9.5/main'
i-02baf91f487c27cd0,1573768024-0,m5d.large,60.18164110183716,10,10,1,TPC-B (sort of),simple,60 s,142939,data_directory = '/var/lib/postgresql/9.5/main'
i-02baf91f487c27cd0,1573768024-0,m5d.large,60.1587917804718,10,10,1,TPC-B (sort of),simple,60 s,143055,data_directory = '/var/lib/postgresql/9.5/main'
i-02baf91f487c27cd0,1573768024-0,m5d.large,60.15670943260193,10,10,1,TPC-B (sort of),simple,60 s,143220,data_directory = '/var/lib/postgresql/9.5/main'
i-02baf91f487c27cd0,1573768024-0,m5d.large,60.1516752243042,10,10,1,TPC-B (sort of),simple,60 s,143488,data_directory = '/var/lib/postgresql/9.5/main'
i-02baf91f487c27cd0,1573768024-0,m5d.large,60.15076208114624,10,10,1,TPC-B (sort of),simple,60 s,143226,data_directory = '/var/lib/postgresql/9.5/main'
i-02baf91f487c27cd0,1573768024-0,m5d.large,60.14655566215515,10,10,1,TPC-B (sort of),simple,60 s,142823,data_directory = '/var/lib/postgresql/9.5/main'
i-02baf91f487c27cd0,1573768024-0,m5d.large,60.14957332611084,10,10,1,TPC-B (sort of),simple,60 s,143818,data_directory = '/var/lib/postgresql/9.5/main'
i-02baf91f487c27cd0,1573768024-0,m5d.large,60.152894735336304,10,10,1,TPC-B (sort of),simple,60 s,143654,data_directory = '/var/lib/postgresql/9.5/main'
i-02baf91f487c27cd0,1573768024-0,m5d.large,60.14982581138611,10,10,1,TPC-B (sort of),simple,60 s,143164,data_directory = '/var/lib/postgresql/9.5/main'
i-02839bf5d52dc440a,1573768024-0,m5d.large,60.2964141368866,10,10,1,TPC-B (sort of),simple,60 s,143592,data_directory = '/var/lib/postgresql/9.5/main'
i-02839bf5d52dc440a,1573768024-0,m5d.large,60.2200767993927,10,10,1,TPC-B (sort of),simple,60 s,143897,data_directory = '/var/lib/postgresql/9.5/main'
i-02839bf5d52dc440a,1573768024-0,m5d.large,60.209774017333984,10,10,1,TPC-B (sort of),simple,60 s,143990,data_directory = '/var/lib/postgresql/9.5/main'
i-02839bf5d52dc440a,1573768024-0,m5d.large,60.28385376930237,10,10,1,TPC-B (sort of),simple,60 s,143169,data_directory = '/var/lib/postgresql/9.5/main'
i-02839bf5d52dc440a,1573768024-0,m5d.large,60.21960926055908,10,10,1,TPC-B (sort of),simple,60 s,143063,data_directory = '/var/lib/postgresql/9.5/main'
i-02839bf5d52dc440a,1573768024-0,m5d.large,60.32175660133362,10,10,1,TPC-B (sort of),simple,60 s,143600,data_directory = '/var/lib/postgresql/9.5/main'
i-02839bf5d52dc440a,1573768024-0,m5d.large,60.35876536369324,10,10,1,TPC-B (sort of),simple,60 s,143032,data_directory = '/var/lib/postgresql/9.5/main'
i-02839bf5d52dc440a,1573768024-0,m5d.large,60.337995529174805,10,10,1,TPC-B (sort of),simple,60 s,143683,data_directory = '/var/lib/postgresql/9.5/main'
i-02839bf5d52dc440a,1573768024-0,m5d.large,60.38404631614685,10,10,1,TPC-B (sort of),simple,60 s,144265,data_directory = '/var/lib/postgresql/9.5/main'
i-02839bf5d52dc440a,1573768024-0,m5d.large,60.29638433456421,10,10,1,TPC-B (sort of),simple,60 s,144165,data_directory = '/var/lib/postgresql/9.5/main'
i-0e35056fc9158b141,1573768024-0,m5d.large,60.19316792488098,10,10,1,TPC-B (sort of),simple,60 s,144995,data_directory = '/var/lib/postgresql/9.5/main'
i-0e35056fc9158b141,1573768024-0,m5d.large,60.17948651313782,10,10,1,TPC-B (sort of),simple,60 s,144266,data_directory = '/var/lib/postgresql/9.5/main'
i-0e35056fc9158b141,1573768024-0,m5d.large,60.1725652217865,10,10,1,TPC-B (sort of),simple,60 s,144346,data_directory = '/var/lib/postgresql/9.5/main'
i-0e35056fc9158b141,1573768024-0,m5d.large,60.17764401435852,10,10,1,TPC-B (sort of),simple,60 s,144452,data_directory = '/var/lib/postgresql/9.5/main'
i-0e35056fc9158b141,1573768024-0,m5d.large,60.185739517211914,10,10,1,TPC-B (sort of),simple,60 s,144742,data_directory = '/var/lib/postgresql/9.5/main'
i-0e35056fc9158b141,1573768024-0,m5d.large,60.183794021606445,10,10,1,TPC-B (sort of),simple,60 s,144779,data_directory = '/var/lib/postgresql/9.5/main'
i-0e35056fc9158b141,1573768024-0,m5d.large,60.17276453971863,10,10,1,TPC-B (sort of),simple,60 s,144452,data_directory = '/var/lib/postgresql/9.5/main'
i-0e35056fc9158b141,1573768024-0,m5d.large,60.1763699054718,10,10,1,TPC-B (sort of),simple,60 s,144402,data_directory = '/var/lib/postgresql/9.5/main'
i-0e35056fc9158b141,1573768024-0,m5d.large,60.17437958717346,10,10,1,TPC-B (sort of),simple,60 s,144925,data_directory = '/var/lib/postgresql/9.5/main'
i-0e35056fc9158b141,1573768024-0,m5d.large,60.17648363113403,10,10,1,TPC-B (sort of),simple,60 s,144952,data_directory = '/var/lib/postgresql/9.5/main'
i-037621e70119f9ab7,1573768024-0,m5d.large,60.25155329704285,10,10,1,TPC-B (sort of),simple,60 s,34089,data_directory = '/var/lib/postgresql/9.5/main'
i-037621e70119f9ab7,1573768024-0,m5d.large,60.15567469596863,10,10,1,TPC-B (sort of),simple,60 s,33834,data_directory = '/var/lib/postgresql/9.5/main'
i-037621e70119f9ab7,1573768024-0,m5d.large,60.16467046737671,10,10,1,TPC-B (sort of),simple,60 s,33214,data_directory = '/var/lib/postgresql/9.5/main'
i-037621e70119f9ab7,1573768024-0,m5d.large,60.142510175704956,10,10,1,TPC-B (sort of),simple,60 s,32965,data_directory = '/var/lib/postgresql/9.5/main'
i-037621e70119f9ab7,1573768024-0,m5d.large,60.15025877952576,10,10,1,TPC-B (sort of),simple,60 s,33269,data_directory = '/var/lib/postgresql/9.5/main'
i-037621e70119f9ab7,1573768024-0,m5d.large,60.154815912246704,10,10,1,TPC-B (sort of),simple,60 s,32957,data_directory = '/var/lib/postgresql/9.5/main'
i-037621e70119f9ab7,1573768024-0,m5d.large,60.17817735671997,10,10,1,TPC-B (sort of),simple,60 s,34181,data_directory = '/var/lib/postgresql/9.5/main'
i-037621e70119f9ab7,1573768024-0,m5d.large,60.138705015182495,10,10,1,TPC-B (sort of),simple,60 s,32802,data_directory = '/var/lib/postgresql/9.5/main'
i-037621e70119f9ab7,1573768024-0,m5d.large,60.15099906921387,10,10,1,TPC-B (sort of),simple,60 s,33047,data_directory = '/var/lib/postgresql/9.5/main'
i-037621e70119f9ab7,1573768024-0,m5d.large,60.14840793609619,10,10,1,TPC-B (sort of),simple,60 s,33041,data_directory = '/var/lib/postgresql/9.5/main'
i-077061659bae3de4f,1573768024-0,m5d.large,60.36555624008179,10,10,1,TPC-B (sort of),simple,60 s,144028,data_directory = '/var/lib/postgresql/9.5/main'
i-077061659bae3de4f,1573768024-0,m5d.large,60.326109647750854,10,10,1,TPC-B (sort of),simple,60 s,143315,data_directory = '/var/lib/postgresql/9.5/main'
i-077061659bae3de4f,1573768024-0,m5d.large,60.311288356781006,10,10,1,TPC-B (sort of),simple,60 s,142908,data_directory = '/var/lib/postgresql/9.5/main'
i-077061659bae3de4f,1573768024-0,m5d.large,60.342830419540405,10,10,1,TPC-B (sort of),simple,60 s,143070,data_directory = '/var/lib/postgresql/9.5/main'
i-077061659bae3de4f,1573768024-0,m5d.large,60.308253049850464,10,10,1,TPC-B (sort of),simple,60 s,143235,data_directory = '/var/lib/postgresql/9.5/main'
i-077061659bae3de4f,1573768024-0,m5d.large,60.29165315628052,10,10,1,TPC-B (sort of),simple,60 s,142011,data_directory = '/var/lib/postgresql/9.5/main'
i-077061659bae3de4f,1573768024-0,m5d.large,60.36749267578125,10,10,1,TPC-B (sort of),simple,60 s,143049,data_directory = '/var/lib/postgresql/9.5/main'
i-077061659bae3de4f,1573768024-0,m5d.large,60.26323223114014,10,10,1,TPC-B (sort of),simple,60 s,143721,data_directory = '/var/lib/postgresql/9.5/main'
i-077061659bae3de4f,1573768024-0,m5d.large,60.2726628780365,10,10,1,TPC-B (sort of),simple,60 s,143627,data_directory = '/var/lib/postgresql/9.5/main'
i-077061659bae3de4f,1573768024-0,m5d.large,60.31813716888428,10,10,1,TPC-B (sort of),simple,60 s,143940,data_directory = '/var/lib/postgresql/9.5/main'
i-0340d4eab2fdb2c12,1573768024-0,m5d.large,60.29309105873108,10,10,1,TPC-B (sort of),simple,60 s,38013,data_directory = '/var/lib/postgresql/9.5/main'
i-0340d4eab2fdb2c12,1573768024-0,m5d.large,60.24225854873657,10,10,1,TPC-B (sort of),simple,60 s,37809,data_directory = '/var/lib/postgresql/9.5/main'
i-0340d4eab2fdb2c12,1573768024-0,m5d.large,60.26819920539856,10,10,1,TPC-B (sort of),simple,60 s,36985,data_directory = '/var/lib/postgresql/9.5/main'
i-0340d4eab2fdb2c12,1573768024-0,m5d.large,60.25186014175415,10,10,1,TPC-B (sort of),simple,60 s,37099,data_directory = '/var/lib/postgresql/9.5/main'
i-0340d4eab2fdb2c12,1573768024-0,m5d.large,60.275349855422974,10,10,1,TPC-B (sort of),simple,60 s,36752,data_directory = '/var/lib/postgresql/9.5/main'
i-0340d4eab2fdb2c12,1573768024-0,m5d.large,60.288073778152466,10,10,1,TPC-B (sort of),simple,60 s,37141,data_directory = '/var/lib/postgresql/9.5/main'
i-0340d4eab2fdb2c12,1573768024-0,m5d.large,60.3376259803772,10,10,1,TPC-B (sort of),simple,60 s,37848,data_directory = '/var/lib/postgresql/9.5/main'
i-0340d4eab2fdb2c12,1573768024-0,m5d.large,60.27611756324768,10,10,1,TPC-B (sort of),simple,60 s,36981,data_directory = '/var/lib/postgresql/9.5/main'
i-0340d4eab2fdb2c12,1573768024-0,m5d.large,60.2184693813324,10,10,1,TPC-B (sort of),simple,60 s,36897,data_directory = '/var/lib/postgresql/9.5/main'
i-0340d4eab2fdb2c12,1573768024-0,m5d.large,60.27328324317932,10,10,1,TPC-B (sort of),simple,60 s,36985,data_directory = '/var/lib/postgresql/9.5/main'
i-00ae78d83e9b0a706,1573768024-0,m5d.large,60.3978385925293,10,10,1,TPC-B (sort of),simple,60 s,142426,data_directory = '/var/lib/postgresql/9.5/main'
i-00ae78d83e9b0a706,1573768024-0,m5d.large,60.26561141014099,10,10,1,TPC-B (sort of),simple,60 s,142589,data_directory = '/var/lib/postgresql/9.5/main'
i-00ae78d83e9b0a706,1573768024-0,m5d.large,60.26078915596008,10,10,1,TPC-B (sort of),simple,60 s,142238,data_directory = '/var/lib/postgresql/9.5/main'
i-00ae78d83e9b0a706,1573768024-0,m5d.large,60.2922625541687,10,10,1,TPC-B (sort of),simple,60 s,142420,data_directory = '/var/lib/postgresql/9.5/main'
i-00ae78d83e9b0a706,1573768024-0,m5d.large,60.32932257652283,10,10,1,TPC-B (sort of),simple,60 s,142338,data_directory = '/var/lib/postgresql/9.5/main'
i-00ae78d83e9b0a706,1573768024-0,m5d.large,60.410725116729736,10,10,1,TPC-B (sort of),simple,60 s,142239,data_directory = '/var/lib/postgresql/9.5/main'
i-00ae78d83e9b0a706,1573768024-0,m5d.large,60.36504673957825,10,10,1,TPC-B (sort of),simple,60 s,142541,data_directory = '/var/lib/postgresql/9.5/main'
i-00ae78d83e9b0a706,1573768024-0,m5d.large,60.35527515411377,10,10,1,TPC-B (sort of),simple,60 s,142439,data_directory = '/var/lib/postgresql/9.5/main'
i-00ae78d83e9b0a706,1573768024-0,m5d.large,60.259862184524536,10,10,1,TPC-B (sort of),simple,60 s,142955,data_directory = '/var/lib/postgresql/9.5/main'
i-00ae78d83e9b0a706,1573768024-0,m5d.large,60.23370289802551,10,10,1,TPC-B (sort of),simple,60 s,142809,data_directory = '/var/lib/postgresql/9.5/main'
