experimentID,instanceID,instanceType,wallTime,testOption,per-request-avg-time,total-time,thread-num
1573942490-0,i-04b9c2f75a375d7e5,m5d.large,7.821467399597168, --test=cpu --cpu-max-prime=2000000 --num-threads=2 --max-requests=10 run,1551.67ms,7.7589s,2
1573942490-0,i-04b9c2f75a375d7e5,m5d.large,7.788209676742554, --test=cpu --cpu-max-prime=2000000 --num-threads=2 --max-requests=10 run,1552.30ms,7.7634s,2
1573942490-0,i-04b9c2f75a375d7e5,m5d.large,7.78503680229187, --test=cpu --cpu-max-prime=2000000 --num-threads=2 --max-requests=10 run,1551.73ms,7.7593s,2
1573942490-0,i-04b9c2f75a375d7e5,m5d.large,7.794247627258301, --test=cpu --cpu-max-prime=2000000 --num-threads=2 --max-requests=10 run,1552.67ms,7.7677s,2
1573942490-0,i-04b9c2f75a375d7e5,m5d.large,7.798488616943359, --test=cpu --cpu-max-prime=2000000 --num-threads=2 --max-requests=10 run,1552.83ms,7.7700s,2
1573942490-0,i-04b9c2f75a375d7e5,m5d.large,7.7891058921813965, --test=cpu --cpu-max-prime=2000000 --num-threads=2 --max-requests=10 run,1551.38ms,7.7608s,2
1573942490-0,i-04b9c2f75a375d7e5,m5d.large,7.785897731781006, --test=cpu --cpu-max-prime=2000000 --num-threads=2 --max-requests=10 run,1551.59ms,7.7583s,2
1573942490-0,i-04b9c2f75a375d7e5,m5d.large,7.79415488243103, --test=cpu --cpu-max-prime=2000000 --num-threads=2 --max-requests=10 run,1553.10ms,7.7678s,2
1573942490-0,i-04b9c2f75a375d7e5,m5d.large,7.786536455154419, --test=cpu --cpu-max-prime=2000000 --num-threads=2 --max-requests=10 run,1551.53ms,7.7588s,2
1573942490-0,i-04b9c2f75a375d7e5,m5d.large,7.786275625228882, --test=cpu --cpu-max-prime=2000000 --num-threads=2 --max-requests=10 run,1551.64ms,7.7595s,2
1573942490-0,i-0127ff963ce39608f,m5d.large,9.235985517501831, --test=cpu --cpu-max-prime=2000000 --num-threads=2 --max-requests=10 run,1803.43ms,9.0212s,2
1573942490-0,i-0127ff963ce39608f,m5d.large,9.041881322860718, --test=cpu --cpu-max-prime=2000000 --num-threads=2 --max-requests=10 run,1803.30ms,9.0235s,2
1573942490-0,i-0127ff963ce39608f,m5d.large,9.046802043914795, --test=cpu --cpu-max-prime=2000000 --num-threads=2 --max-requests=10 run,1804.14ms,9.0279s,2
1573942490-0,i-0127ff963ce39608f,m5d.large,9.055769443511963, --test=cpu --cpu-max-prime=2000000 --num-threads=2 --max-requests=10 run,1804.90ms,9.0370s,2
1573942490-0,i-0127ff963ce39608f,m5d.large,9.039306640625, --test=cpu --cpu-max-prime=2000000 --num-threads=2 --max-requests=10 run,1803.33ms,9.0188s,2
1573942490-0,i-0127ff963ce39608f,m5d.large,9.044040441513062, --test=cpu --cpu-max-prime=2000000 --num-threads=2 --max-requests=10 run,1803.70ms,9.0211s,2
1573942490-0,i-0127ff963ce39608f,m5d.large,9.052828073501587, --test=cpu --cpu-max-prime=2000000 --num-threads=2 --max-requests=10 run,1805.17ms,9.0329s,2
1573942490-0,i-0127ff963ce39608f,m5d.large,9.042320966720581, --test=cpu --cpu-max-prime=2000000 --num-threads=2 --max-requests=10 run,1803.30ms,9.0201s,2
1573942490-0,i-0127ff963ce39608f,m5d.large,9.042662143707275, --test=cpu --cpu-max-prime=2000000 --num-threads=2 --max-requests=10 run,1803.64ms,9.0197s,2
1573942490-0,i-0127ff963ce39608f,m5d.large,9.048123359680176, --test=cpu --cpu-max-prime=2000000 --num-threads=2 --max-requests=10 run,1805.37ms,9.0282s,2
1573942490-0,i-00a374920f339188c,m5d.large,7.790008544921875, --test=cpu --cpu-max-prime=2000000 --num-threads=2 --max-requests=10 run,1552.00ms,7.7627s,2
1573942490-0,i-00a374920f339188c,m5d.large,7.776583433151245, --test=cpu --cpu-max-prime=2000000 --num-threads=2 --max-requests=10 run,1551.64ms,7.7586s,2
1573942490-0,i-00a374920f339188c,m5d.large,7.786547899246216, --test=cpu --cpu-max-prime=2000000 --num-threads=2 --max-requests=10 run,1552.90ms,7.7686s,2
1573942490-0,i-00a374920f339188c,m5d.large,7.780003070831299, --test=cpu --cpu-max-prime=2000000 --num-threads=2 --max-requests=10 run,1552.10ms,7.7622s,2
1573942490-0,i-00a374920f339188c,m5d.large,7.7790422439575195, --test=cpu --cpu-max-prime=2000000 --num-threads=2 --max-requests=10 run,1551.53ms,7.7613s,2
1573942490-0,i-00a374920f339188c,m5d.large,7.778864145278931, --test=cpu --cpu-max-prime=2000000 --num-threads=2 --max-requests=10 run,1551.16ms,7.7595s,2
1573942490-0,i-00a374920f339188c,m5d.large,7.785798072814941, --test=cpu --cpu-max-prime=2000000 --num-threads=2 --max-requests=10 run,1552.63ms,7.7669s,2
1573942490-0,i-00a374920f339188c,m5d.large,7.784267902374268, --test=cpu --cpu-max-prime=2000000 --num-threads=2 --max-requests=10 run,1552.30ms,7.7644s,2
1573942490-0,i-00a374920f339188c,m5d.large,7.78034782409668, --test=cpu --cpu-max-prime=2000000 --num-threads=2 --max-requests=10 run,1551.86ms,7.7611s,2
1573942490-0,i-00a374920f339188c,m5d.large,7.777520656585693, --test=cpu --cpu-max-prime=2000000 --num-threads=2 --max-requests=10 run,1551.36ms,7.7584s,2
1573942490-0,i-0dacc3a1a65a223ac,m5d.large,9.115235805511475, --test=cpu --cpu-max-prime=2000000 --num-threads=2 --max-requests=10 run,1803.91ms,9.0295s,2
1573942490-0,i-0dacc3a1a65a223ac,m5d.large,9.04859209060669, --test=cpu --cpu-max-prime=2000000 --num-threads=2 --max-requests=10 run,1803.86ms,9.0245s,2
1573942490-0,i-0dacc3a1a65a223ac,m5d.large,9.048009395599365, --test=cpu --cpu-max-prime=2000000 --num-threads=2 --max-requests=10 run,1804.06ms,9.0259s,2
1573942490-0,i-0dacc3a1a65a223ac,m5d.large,9.054133176803589, --test=cpu --cpu-max-prime=2000000 --num-threads=2 --max-requests=10 run,1804.90ms,9.0324s,2
1573942490-0,i-0dacc3a1a65a223ac,m5d.large,9.04470682144165, --test=cpu --cpu-max-prime=2000000 --num-threads=2 --max-requests=10 run,1803.64ms,9.0207s,2
1573942490-0,i-0dacc3a1a65a223ac,m5d.large,9.048277378082275, --test=cpu --cpu-max-prime=2000000 --num-threads=2 --max-requests=10 run,1803.35ms,9.0249s,2
1573942490-0,i-0dacc3a1a65a223ac,m5d.large,9.054576873779297, --test=cpu --cpu-max-prime=2000000 --num-threads=2 --max-requests=10 run,1805.08ms,9.0288s,2
1573942490-0,i-0dacc3a1a65a223ac,m5d.large,9.049896717071533, --test=cpu --cpu-max-prime=2000000 --num-threads=2 --max-requests=10 run,1803.75ms,9.0267s,2
1573942490-0,i-0dacc3a1a65a223ac,m5d.large,9.052223682403564, --test=cpu --cpu-max-prime=2000000 --num-threads=2 --max-requests=10 run,1803.95ms,9.0281s,2
1573942490-0,i-0dacc3a1a65a223ac,m5d.large,9.05044674873352, --test=cpu --cpu-max-prime=2000000 --num-threads=2 --max-requests=10 run,1804.78ms,9.0267s,2
1573942490-0,i-0e8f378870dcbd5d3,m5d.large,9.189229965209961, --test=cpu --cpu-max-prime=2000000 --num-threads=2 --max-requests=10 run,1804.60ms,9.0232s,2
1573942490-0,i-0e8f378870dcbd5d3,m5d.large,9.041876316070557, --test=cpu --cpu-max-prime=2000000 --num-threads=2 --max-requests=10 run,1804.10ms,9.0225s,2
1573942490-0,i-0e8f378870dcbd5d3,m5d.large,9.055811166763306, --test=cpu --cpu-max-prime=2000000 --num-threads=2 --max-requests=10 run,1806.37ms,9.0356s,2
1573942490-0,i-0e8f378870dcbd5d3,m5d.large,9.040366888046265, --test=cpu --cpu-max-prime=2000000 --num-threads=2 --max-requests=10 run,1804.40ms,9.0222s,2
1573942490-0,i-0e8f378870dcbd5d3,m5d.large,9.038794755935669, --test=cpu --cpu-max-prime=2000000 --num-threads=2 --max-requests=10 run,1803.68ms,9.0185s,2
1573942490-0,i-0e8f378870dcbd5d3,m5d.large,9.04491639137268, --test=cpu --cpu-max-prime=2000000 --num-threads=2 --max-requests=10 run,1804.40ms,9.0251s,2
1573942490-0,i-0e8f378870dcbd5d3,m5d.large,9.0503568649292, --test=cpu --cpu-max-prime=2000000 --num-threads=2 --max-requests=10 run,1805.09ms,9.0302s,2
1573942490-0,i-0e8f378870dcbd5d3,m5d.large,9.038802862167358, --test=cpu --cpu-max-prime=2000000 --num-threads=2 --max-requests=10 run,1803.89ms,9.0197s,2
1573942490-0,i-0e8f378870dcbd5d3,m5d.large,9.052547216415405, --test=cpu --cpu-max-prime=2000000 --num-threads=2 --max-requests=10 run,1805.02ms,9.0313s,2
1573942490-0,i-0e8f378870dcbd5d3,m5d.large,9.050537347793579, --test=cpu --cpu-max-prime=2000000 --num-threads=2 --max-requests=10 run,1805.24ms,9.0308s,2
1573942490-0,i-01630b674435938c1,m5d.large,7.885335683822632, --test=cpu --cpu-max-prime=2000000 --num-threads=2 --max-requests=10 run,1551.33ms,7.7577s,2
1573942490-0,i-01630b674435938c1,m5d.large,7.7782182693481445, --test=cpu --cpu-max-prime=2000000 --num-threads=2 --max-requests=10 run,1551.61ms,7.7597s,2
1573942490-0,i-01630b674435938c1,m5d.large,7.790569067001343, --test=cpu --cpu-max-prime=2000000 --num-threads=2 --max-requests=10 run,1553.24ms,7.7730s,2
1573942490-0,i-01630b674435938c1,m5d.large,7.790773391723633, --test=cpu --cpu-max-prime=2000000 --num-threads=2 --max-requests=10 run,1553.06ms,7.7722s,2
1573942490-0,i-01630b674435938c1,m5d.large,7.7777934074401855, --test=cpu --cpu-max-prime=2000000 --num-threads=2 --max-requests=10 run,1551.46ms,7.7576s,2
1573942490-0,i-01630b674435938c1,m5d.large,7.785993337631226, --test=cpu --cpu-max-prime=2000000 --num-threads=2 --max-requests=10 run,1551.53ms,7.7598s,2
1573942490-0,i-01630b674435938c1,m5d.large,7.782701253890991, --test=cpu --cpu-max-prime=2000000 --num-threads=2 --max-requests=10 run,1552.13ms,7.7628s,2
1573942490-0,i-01630b674435938c1,m5d.large,7.785773992538452, --test=cpu --cpu-max-prime=2000000 --num-threads=2 --max-requests=10 run,1552.64ms,7.7634s,2
1573942490-0,i-01630b674435938c1,m5d.large,7.778205394744873, --test=cpu --cpu-max-prime=2000000 --num-threads=2 --max-requests=10 run,1551.35ms,7.7585s,2
1573942490-0,i-01630b674435938c1,m5d.large,7.7784881591796875, --test=cpu --cpu-max-prime=2000000 --num-threads=2 --max-requests=10 run,1551.36ms,7.7590s,2
1573942490-0,i-01e6e4abeaa36080f,m5d.large,9.170665740966797, --test=cpu --cpu-max-prime=2000000 --num-threads=2 --max-requests=10 run,1804.05ms,9.0293s,2
1573942490-0,i-01e6e4abeaa36080f,m5d.large,9.045337438583374, --test=cpu --cpu-max-prime=2000000 --num-threads=2 --max-requests=10 run,1803.61ms,9.0213s,2
1573942490-0,i-01e6e4abeaa36080f,m5d.large,9.052448987960815, --test=cpu --cpu-max-prime=2000000 --num-threads=2 --max-requests=10 run,1805.29ms,9.0291s,2
1573942490-0,i-01e6e4abeaa36080f,m5d.large,9.055203199386597, --test=cpu --cpu-max-prime=2000000 --num-threads=2 --max-requests=10 run,1805.19ms,9.0319s,2
1573942490-0,i-01e6e4abeaa36080f,m5d.large,9.051626205444336, --test=cpu --cpu-max-prime=2000000 --num-threads=2 --max-requests=10 run,1803.39ms,9.0270s,2
1573942490-0,i-01e6e4abeaa36080f,m5d.large,9.052164793014526, --test=cpu --cpu-max-prime=2000000 --num-threads=2 --max-requests=10 run,1803.40ms,9.0279s,2
1573942490-0,i-01e6e4abeaa36080f,m5d.large,9.061547756195068, --test=cpu --cpu-max-prime=2000000 --num-threads=2 --max-requests=10 run,1805.25ms,9.0359s,2
1573942490-0,i-01e6e4abeaa36080f,m5d.large,9.052823543548584, --test=cpu --cpu-max-prime=2000000 --num-threads=2 --max-requests=10 run,1803.42ms,9.0280s,2
1573942490-0,i-01e6e4abeaa36080f,m5d.large,9.050272464752197, --test=cpu --cpu-max-prime=2000000 --num-threads=2 --max-requests=10 run,1804.20ms,9.0246s,2
1573942490-0,i-01e6e4abeaa36080f,m5d.large,9.05673861503601, --test=cpu --cpu-max-prime=2000000 --num-threads=2 --max-requests=10 run,1804.87ms,9.0293s,2
1573942490-0,i-02290982499d0a8b6,m5d.large,8.143802404403687, --test=cpu --cpu-max-prime=2000000 --num-threads=2 --max-requests=10 run,1597.02ms,7.9863s,2
1573942490-0,i-02290982499d0a8b6,m5d.large,8.009779930114746, --test=cpu --cpu-max-prime=2000000 --num-threads=2 --max-requests=10 run,1596.84ms,7.9882s,2
1573942490-0,i-02290982499d0a8b6,m5d.large,8.018218755722046, --test=cpu --cpu-max-prime=2000000 --num-threads=2 --max-requests=10 run,1598.24ms,7.9970s,2
1573942490-0,i-02290982499d0a8b6,m5d.large,8.020078659057617, --test=cpu --cpu-max-prime=2000000 --num-threads=2 --max-requests=10 run,1598.58ms,7.9966s,2
1573942490-0,i-02290982499d0a8b6,m5d.large,8.007875442504883, --test=cpu --cpu-max-prime=2000000 --num-threads=2 --max-requests=10 run,1596.96ms,7.9862s,2
1573942490-0,i-02290982499d0a8b6,m5d.large,8.009607076644897, --test=cpu --cpu-max-prime=2000000 --num-threads=2 --max-requests=10 run,1596.81ms,7.9868s,2
1573942490-0,i-02290982499d0a8b6,m5d.large,8.014420509338379, --test=cpu --cpu-max-prime=2000000 --num-threads=2 --max-requests=10 run,1597.96ms,7.9921s,2
1573942490-0,i-02290982499d0a8b6,m5d.large,8.017117977142334, --test=cpu --cpu-max-prime=2000000 --num-threads=2 --max-requests=10 run,1598.03ms,7.9925s,2
1573942490-0,i-02290982499d0a8b6,m5d.large,8.008624076843262, --test=cpu --cpu-max-prime=2000000 --num-threads=2 --max-requests=10 run,1596.63ms,7.9854s,2
1573942490-0,i-02290982499d0a8b6,m5d.large,8.011711120605469, --test=cpu --cpu-max-prime=2000000 --num-threads=2 --max-requests=10 run,1597.55ms,7.9893s,2
1573942490-0,i-00c650a5bff4bf46c,m5d.large,9.233927249908447, --test=cpu --cpu-max-prime=2000000 --num-threads=2 --max-requests=10 run,1803.62ms,9.0254s,2
1573942490-0,i-00c650a5bff4bf46c,m5d.large,9.048891544342041, --test=cpu --cpu-max-prime=2000000 --num-threads=2 --max-requests=10 run,1803.82ms,9.0299s,2
1573942490-0,i-00c650a5bff4bf46c,m5d.large,9.046894073486328, --test=cpu --cpu-max-prime=2000000 --num-threads=2 --max-requests=10 run,1804.52ms,9.0295s,2
1573942490-0,i-00c650a5bff4bf46c,m5d.large,9.061353206634521, --test=cpu --cpu-max-prime=2000000 --num-threads=2 --max-requests=10 run,1806.97ms,9.0431s,2
1573942490-0,i-00c650a5bff4bf46c,m5d.large,9.038374900817871, --test=cpu --cpu-max-prime=2000000 --num-threads=2 --max-requests=10 run,1803.27ms,9.0167s,2
1573942490-0,i-00c650a5bff4bf46c,m5d.large,9.036131381988525, --test=cpu --cpu-max-prime=2000000 --num-threads=2 --max-requests=10 run,1803.36ms,9.0172s,2
1573942490-0,i-00c650a5bff4bf46c,m5d.large,9.050915956497192, --test=cpu --cpu-max-prime=2000000 --num-threads=2 --max-requests=10 run,1805.13ms,9.0310s,2
1573942490-0,i-00c650a5bff4bf46c,m5d.large,9.039789199829102, --test=cpu --cpu-max-prime=2000000 --num-threads=2 --max-requests=10 run,1803.89ms,9.0197s,2
1573942490-0,i-00c650a5bff4bf46c,m5d.large,9.043225049972534, --test=cpu --cpu-max-prime=2000000 --num-threads=2 --max-requests=10 run,1803.41ms,9.0231s,2
1573942490-0,i-00c650a5bff4bf46c,m5d.large,9.04854440689087, --test=cpu --cpu-max-prime=2000000 --num-threads=2 --max-requests=10 run,1804.45ms,9.0286s,2
1573942490-0,i-0ab36265851b2f038,m5d.large,9.195507287979126, --test=cpu --cpu-max-prime=2000000 --num-threads=2 --max-requests=10 run,1803.54ms,9.0261s,2
1573942490-0,i-0ab36265851b2f038,m5d.large,9.049688816070557, --test=cpu --cpu-max-prime=2000000 --num-threads=2 --max-requests=10 run,1803.29ms,9.0256s,2
1573942490-0,i-0ab36265851b2f038,m5d.large,9.049455404281616, --test=cpu --cpu-max-prime=2000000 --num-threads=2 --max-requests=10 run,1803.30ms,9.0258s,2
1573942490-0,i-0ab36265851b2f038,m5d.large,9.07394790649414, --test=cpu --cpu-max-prime=2000000 --num-threads=2 --max-requests=10 run,1806.35ms,9.0440s,2
1573942490-0,i-0ab36265851b2f038,m5d.large,9.045129776000977, --test=cpu --cpu-max-prime=2000000 --num-threads=2 --max-requests=10 run,1803.32ms,9.0174s,2
1573942490-0,i-0ab36265851b2f038,m5d.large,9.045543909072876, --test=cpu --cpu-max-prime=2000000 --num-threads=2 --max-requests=10 run,1803.65ms,9.0185s,2
1573942490-0,i-0ab36265851b2f038,m5d.large,9.055924415588379, --test=cpu --cpu-max-prime=2000000 --num-threads=2 --max-requests=10 run,1805.05ms,9.0305s,2
1573942490-0,i-0ab36265851b2f038,m5d.large,9.04706358909607, --test=cpu --cpu-max-prime=2000000 --num-threads=2 --max-requests=10 run,1803.78ms,9.0205s,2
1573942490-0,i-0ab36265851b2f038,m5d.large,9.047893762588501, --test=cpu --cpu-max-prime=2000000 --num-threads=2 --max-requests=10 run,1803.74ms,9.0201s,2
1573942490-0,i-0ab36265851b2f038,m5d.large,9.05611801147461, --test=cpu --cpu-max-prime=2000000 --num-threads=2 --max-requests=10 run,1804.90ms,9.0300s,2
1573942490-0,i-0069a2fb2881e526e,m5d.large,9.122807025909424, --test=cpu --cpu-max-prime=2000000 --num-threads=2 --max-requests=10 run,1804.43ms,9.0263s,2
1573942490-0,i-0069a2fb2881e526e,m5d.large,9.045274257659912, --test=cpu --cpu-max-prime=2000000 --num-threads=2 --max-requests=10 run,1804.16ms,9.0260s,2
1573942490-0,i-0069a2fb2881e526e,m5d.large,9.042754888534546, --test=cpu --cpu-max-prime=2000000 --num-threads=2 --max-requests=10 run,1803.21ms,9.0240s,2
1573942490-0,i-0069a2fb2881e526e,m5d.large,9.062408208847046, --test=cpu --cpu-max-prime=2000000 --num-threads=2 --max-requests=10 run,1806.67ms,9.0449s,2
1573942490-0,i-0069a2fb2881e526e,m5d.large,9.038358688354492, --test=cpu --cpu-max-prime=2000000 --num-threads=2 --max-requests=10 run,1803.43ms,9.0175s,2
1573942490-0,i-0069a2fb2881e526e,m5d.large,9.039722919464111, --test=cpu --cpu-max-prime=2000000 --num-threads=2 --max-requests=10 run,1803.48ms,9.0184s,2
1573942490-0,i-0069a2fb2881e526e,m5d.large,9.052729368209839, --test=cpu --cpu-max-prime=2000000 --num-threads=2 --max-requests=10 run,1804.88ms,9.0320s,2
1573942490-0,i-0069a2fb2881e526e,m5d.large,9.044058084487915, --test=cpu --cpu-max-prime=2000000 --num-threads=2 --max-requests=10 run,1803.96ms,9.0227s,2
1573942490-0,i-0069a2fb2881e526e,m5d.large,9.042161464691162, --test=cpu --cpu-max-prime=2000000 --num-threads=2 --max-requests=10 run,1803.76ms,9.0217s,2
1573942490-0,i-0069a2fb2881e526e,m5d.large,9.068103790283203, --test=cpu --cpu-max-prime=2000000 --num-threads=2 --max-requests=10 run,1805.81ms,9.0423s,2
1573942490-0,i-0096e0731defa5bcf,m5d.large,9.19698715209961, --test=cpu --cpu-max-prime=2000000 --num-threads=2 --max-requests=10 run,1804.03ms,9.0212s,2
1573942490-0,i-0096e0731defa5bcf,m5d.large,9.043137788772583, --test=cpu --cpu-max-prime=2000000 --num-threads=2 --max-requests=10 run,1803.51ms,9.0222s,2
1573942490-0,i-0096e0731defa5bcf,m5d.large,9.044345617294312, --test=cpu --cpu-max-prime=2000000 --num-threads=2 --max-requests=10 run,1803.26ms,9.0246s,2
1573942490-0,i-0096e0731defa5bcf,m5d.large,9.067029476165771, --test=cpu --cpu-max-prime=2000000 --num-threads=2 --max-requests=10 run,1806.41ms,9.0473s,2
1573942490-0,i-0096e0731defa5bcf,m5d.large,9.047444105148315, --test=cpu --cpu-max-prime=2000000 --num-threads=2 --max-requests=10 run,1803.06ms,9.0239s,2
1573942490-0,i-0096e0731defa5bcf,m5d.large,9.047850370407104, --test=cpu --cpu-max-prime=2000000 --num-threads=2 --max-requests=10 run,1803.14ms,9.0242s,2
1573942490-0,i-0096e0731defa5bcf,m5d.large,9.047657012939453, --test=cpu --cpu-max-prime=2000000 --num-threads=2 --max-requests=10 run,1804.76ms,9.0272s,2
1573942490-0,i-0096e0731defa5bcf,m5d.large,9.044502973556519, --test=cpu --cpu-max-prime=2000000 --num-threads=2 --max-requests=10 run,1803.65ms,9.0244s,2
1573942490-0,i-0096e0731defa5bcf,m5d.large,9.04374885559082, --test=cpu --cpu-max-prime=2000000 --num-threads=2 --max-requests=10 run,1803.19ms,9.0236s,2
1573942490-0,i-0096e0731defa5bcf,m5d.large,9.051512241363525, --test=cpu --cpu-max-prime=2000000 --num-threads=2 --max-requests=10 run,1805.20ms,9.0303s,2
1573942490-0,i-0a6946be11150d3cf,m5d.large,9.202356338500977, --test=cpu --cpu-max-prime=2000000 --num-threads=2 --max-requests=10 run,1803.43ms,9.0213s,2
1573942490-0,i-0a6946be11150d3cf,m5d.large,9.049633741378784, --test=cpu --cpu-max-prime=2000000 --num-threads=2 --max-requests=10 run,1805.56ms,9.0319s,2
1573942490-0,i-0a6946be11150d3cf,m5d.large,9.039812803268433, --test=cpu --cpu-max-prime=2000000 --num-threads=2 --max-requests=10 run,1804.17ms,9.0209s,2
1573942490-0,i-0a6946be11150d3cf,m5d.large,9.03942346572876, --test=cpu --cpu-max-prime=2000000 --num-threads=2 --max-requests=10 run,1803.60ms,9.0181s,2
1573942490-0,i-0a6946be11150d3cf,m5d.large,9.038126468658447, --test=cpu --cpu-max-prime=2000000 --num-threads=2 --max-requests=10 run,1803.47ms,9.0182s,2
1573942490-0,i-0a6946be11150d3cf,m5d.large,9.045212745666504, --test=cpu --cpu-max-prime=2000000 --num-threads=2 --max-requests=10 run,1804.93ms,9.0253s,2
1573942490-0,i-0a6946be11150d3cf,m5d.large,9.04550814628601, --test=cpu --cpu-max-prime=2000000 --num-threads=2 --max-requests=10 run,1804.62ms,9.0247s,2
1573942490-0,i-0a6946be11150d3cf,m5d.large,9.043629884719849, --test=cpu --cpu-max-prime=2000000 --num-threads=2 --max-requests=10 run,1803.23ms,9.0238s,2
1573942490-0,i-0a6946be11150d3cf,m5d.large,9.054983854293823, --test=cpu --cpu-max-prime=2000000 --num-threads=2 --max-requests=10 run,1806.36ms,9.0325s,2
1573942490-0,i-0a6946be11150d3cf,m5d.large,9.046204328536987, --test=cpu --cpu-max-prime=2000000 --num-threads=2 --max-requests=10 run,1803.34ms,9.0231s,2
1573942490-0,i-09ed11454ccbcef8f,m5d.large,8.030612230300903, --test=cpu --cpu-max-prime=2000000 --num-threads=2 --max-requests=10 run,1597.61ms,7.9907s,2
1573942490-0,i-09ed11454ccbcef8f,m5d.large,8.012356519699097, --test=cpu --cpu-max-prime=2000000 --num-threads=2 --max-requests=10 run,1597.42ms,7.9873s,2
1573942490-0,i-09ed11454ccbcef8f,m5d.large,8.017749309539795, --test=cpu --cpu-max-prime=2000000 --num-threads=2 --max-requests=10 run,1598.81ms,7.9949s,2
1573942490-0,i-09ed11454ccbcef8f,m5d.large,8.012765884399414, --test=cpu --cpu-max-prime=2000000 --num-threads=2 --max-requests=10 run,1597.67ms,7.9891s,2
1573942490-0,i-09ed11454ccbcef8f,m5d.large,8.014601230621338, --test=cpu --cpu-max-prime=2000000 --num-threads=2 --max-requests=10 run,1597.08ms,7.9890s,2
1573942490-0,i-09ed11454ccbcef8f,m5d.large,8.017728805541992, --test=cpu --cpu-max-prime=2000000 --num-threads=2 --max-requests=10 run,1597.63ms,7.9944s,2
1573942490-0,i-09ed11454ccbcef8f,m5d.large,8.01176643371582, --test=cpu --cpu-max-prime=2000000 --num-threads=2 --max-requests=10 run,1597.04ms,7.9867s,2
1573942490-0,i-09ed11454ccbcef8f,m5d.large,8.02261734008789, --test=cpu --cpu-max-prime=2000000 --num-threads=2 --max-requests=10 run,1598.19ms,7.9991s,2
1573942490-0,i-09ed11454ccbcef8f,m5d.large,8.0112886428833, --test=cpu --cpu-max-prime=2000000 --num-threads=2 --max-requests=10 run,1597.15ms,7.9879s,2
1573942490-0,i-09ed11454ccbcef8f,m5d.large,8.02488398551941, --test=cpu --cpu-max-prime=2000000 --num-threads=2 --max-requests=10 run,1598.11ms,7.9980s,2
1573942490-0,i-08f094191c88c5263,m5d.large,7.860100746154785, --test=cpu --cpu-max-prime=2000000 --num-threads=2 --max-requests=10 run,1551.87ms,7.7609s,2
1573942490-0,i-08f094191c88c5263,m5d.large,7.776782751083374, --test=cpu --cpu-max-prime=2000000 --num-threads=2 --max-requests=10 run,1551.65ms,7.7592s,2
1573942490-0,i-08f094191c88c5263,m5d.large,7.781517028808594, --test=cpu --cpu-max-prime=2000000 --num-threads=2 --max-requests=10 run,1551.93ms,7.7642s,2
1573942490-0,i-08f094191c88c5263,m5d.large,7.783738851547241, --test=cpu --cpu-max-prime=2000000 --num-threads=2 --max-requests=10 run,1552.60ms,7.7672s,2
1573942490-0,i-08f094191c88c5263,m5d.large,7.792412757873535, --test=cpu --cpu-max-prime=2000000 --num-threads=2 --max-requests=10 run,1552.72ms,7.7718s,2
1573942490-0,i-08f094191c88c5263,m5d.large,7.778071880340576, --test=cpu --cpu-max-prime=2000000 --num-threads=2 --max-requests=10 run,1551.48ms,7.7593s,2
1573942490-0,i-08f094191c88c5263,m5d.large,7.779562711715698, --test=cpu --cpu-max-prime=2000000 --num-threads=2 --max-requests=10 run,1551.46ms,7.7594s,2
1573942490-0,i-08f094191c88c5263,m5d.large,7.793644428253174, --test=cpu --cpu-max-prime=2000000 --num-threads=2 --max-requests=10 run,1553.66ms,7.7749s,2
1573942490-0,i-08f094191c88c5263,m5d.large,7.7802040576934814, --test=cpu --cpu-max-prime=2000000 --num-threads=2 --max-requests=10 run,1551.87ms,7.7616s,2
1573942490-0,i-08f094191c88c5263,m5d.large,7.778275012969971, --test=cpu --cpu-max-prime=2000000 --num-threads=2 --max-requests=10 run,1551.46ms,7.7596s,2
1573942490-0,i-06f3ded19b65d040f,m5d.large,9.175439834594727, --test=cpu --cpu-max-prime=2000000 --num-threads=2 --max-requests=10 run,1805.15ms,9.0312s,2
1573942490-0,i-06f3ded19b65d040f,m5d.large,9.046009063720703, --test=cpu --cpu-max-prime=2000000 --num-threads=2 --max-requests=10 run,1803.37ms,9.0226s,2
1573942490-0,i-06f3ded19b65d040f,m5d.large,9.041118144989014, --test=cpu --cpu-max-prime=2000000 --num-threads=2 --max-requests=10 run,1803.32ms,9.0227s,2
1573942490-0,i-06f3ded19b65d040f,m5d.large,9.064141035079956, --test=cpu --cpu-max-prime=2000000 --num-threads=2 --max-requests=10 run,1806.05ms,9.0426s,2
1573942490-0,i-06f3ded19b65d040f,m5d.large,9.04289722442627, --test=cpu --cpu-max-prime=2000000 --num-threads=2 --max-requests=10 run,1803.08ms,9.0222s,2
1573942490-0,i-06f3ded19b65d040f,m5d.large,9.043267011642456, --test=cpu --cpu-max-prime=2000000 --num-threads=2 --max-requests=10 run,1803.13ms,9.0222s,2
1573942490-0,i-06f3ded19b65d040f,m5d.large,9.046855688095093, --test=cpu --cpu-max-prime=2000000 --num-threads=2 --max-requests=10 run,1804.88ms,9.0268s,2
1573942490-0,i-06f3ded19b65d040f,m5d.large,9.045154333114624, --test=cpu --cpu-max-prime=2000000 --num-threads=2 --max-requests=10 run,1803.35ms,9.0252s,2
1573942490-0,i-06f3ded19b65d040f,m5d.large,9.049184083938599, --test=cpu --cpu-max-prime=2000000 --num-threads=2 --max-requests=10 run,1803.81ms,9.0285s,2
1573942490-0,i-06f3ded19b65d040f,m5d.large,9.048296451568604, --test=cpu --cpu-max-prime=2000000 --num-threads=2 --max-requests=10 run,1804.91ms,9.0250s,2
1573942490-0,i-0b9926ad5c9938919,m5d.large,9.09271502494812, --test=cpu --cpu-max-prime=2000000 --num-threads=2 --max-requests=10 run,1805.10ms,9.0324s,2
1573942490-0,i-0b9926ad5c9938919,m5d.large,9.04030728340149, --test=cpu --cpu-max-prime=2000000 --num-threads=2 --max-requests=10 run,1803.65ms,9.0189s,2
1573942490-0,i-0b9926ad5c9938919,m5d.large,9.037100315093994, --test=cpu --cpu-max-prime=2000000 --num-threads=2 --max-requests=10 run,1803.44ms,9.0189s,2
1573942490-0,i-0b9926ad5c9938919,m5d.large,9.062149286270142, --test=cpu --cpu-max-prime=2000000 --num-threads=2 --max-requests=10 run,1806.21ms,9.0435s,2
1573942490-0,i-0b9926ad5c9938919,m5d.large,9.04032039642334, --test=cpu --cpu-max-prime=2000000 --num-threads=2 --max-requests=10 run,1803.36ms,9.0187s,2
1573942490-0,i-0b9926ad5c9938919,m5d.large,9.038928747177124, --test=cpu --cpu-max-prime=2000000 --num-threads=2 --max-requests=10 run,1803.49ms,9.0182s,2
1573942490-0,i-0b9926ad5c9938919,m5d.large,9.05477523803711, --test=cpu --cpu-max-prime=2000000 --num-threads=2 --max-requests=10 run,1805.76ms,9.0344s,2
1573942490-0,i-0b9926ad5c9938919,m5d.large,9.044649839401245, --test=cpu --cpu-max-prime=2000000 --num-threads=2 --max-requests=10 run,1804.30ms,9.0242s,2
1573942490-0,i-0b9926ad5c9938919,m5d.large,9.043188095092773, --test=cpu --cpu-max-prime=2000000 --num-threads=2 --max-requests=10 run,1803.61ms,9.0215s,2
1573942490-0,i-0b9926ad5c9938919,m5d.large,9.050497770309448, --test=cpu --cpu-max-prime=2000000 --num-threads=2 --max-requests=10 run,1805.05ms,9.0298s,2
1573942490-0,i-04a3348d90ef3a6ac,m5d.large,8.046791315078735, --test=cpu --cpu-max-prime=2000000 --num-threads=2 --max-requests=10 run,1596.92ms,7.9869s,2
1573942490-0,i-04a3348d90ef3a6ac,m5d.large,8.007264614105225, --test=cpu --cpu-max-prime=2000000 --num-threads=2 --max-requests=10 run,1596.99ms,7.9859s,2
1573942490-0,i-04a3348d90ef3a6ac,m5d.large,8.006885528564453, --test=cpu --cpu-max-prime=2000000 --num-threads=2 --max-requests=10 run,1596.98ms,7.9864s,2
1573942490-0,i-04a3348d90ef3a6ac,m5d.large,8.027322769165039, --test=cpu --cpu-max-prime=2000000 --num-threads=2 --max-requests=10 run,1599.59ms,8.0056s,2
1573942490-0,i-04a3348d90ef3a6ac,m5d.large,8.010016202926636, --test=cpu --cpu-max-prime=2000000 --num-threads=2 --max-requests=10 run,1596.79ms,7.9859s,2
1573942490-0,i-04a3348d90ef3a6ac,m5d.large,8.014610528945923, --test=cpu --cpu-max-prime=2000000 --num-threads=2 --max-requests=10 run,1596.61ms,7.9869s,2
1573942490-0,i-04a3348d90ef3a6ac,m5d.large,8.009461879730225, --test=cpu --cpu-max-prime=2000000 --num-threads=2 --max-requests=10 run,1596.56ms,7.9859s,2
1573942490-0,i-04a3348d90ef3a6ac,m5d.large,8.020641326904297, --test=cpu --cpu-max-prime=2000000 --num-threads=2 --max-requests=10 run,1598.33ms,7.9969s,2
1573942490-0,i-04a3348d90ef3a6ac,m5d.large,8.013279676437378, --test=cpu --cpu-max-prime=2000000 --num-threads=2 --max-requests=10 run,1597.00ms,7.9891s,2
1573942490-0,i-04a3348d90ef3a6ac,m5d.large,8.01134705543518, --test=cpu --cpu-max-prime=2000000 --num-threads=2 --max-requests=10 run,1596.81ms,7.9883s,2
1573942490-0,i-0935701764f9af451,m5d.large,7.930984020233154, --test=cpu --cpu-max-prime=2000000 --num-threads=2 --max-requests=10 run,1551.28ms,7.7590s,2
1573942490-0,i-0935701764f9af451,m5d.large,7.7799670696258545, --test=cpu --cpu-max-prime=2000000 --num-threads=2 --max-requests=10 run,1551.15ms,7.7589s,2
1573942490-0,i-0935701764f9af451,m5d.large,7.787588596343994, --test=cpu --cpu-max-prime=2000000 --num-threads=2 --max-requests=10 run,1552.54ms,7.7640s,2
1573942490-0,i-0935701764f9af451,m5d.large,7.783541202545166, --test=cpu --cpu-max-prime=2000000 --num-threads=2 --max-requests=10 run,1551.94ms,7.7618s,2
1573942490-0,i-0935701764f9af451,m5d.large,7.782097101211548, --test=cpu --cpu-max-prime=2000000 --num-threads=2 --max-requests=10 run,1551.42ms,7.7608s,2
1573942490-0,i-0935701764f9af451,m5d.large,7.783823013305664, --test=cpu --cpu-max-prime=2000000 --num-threads=2 --max-requests=10 run,1551.40ms,7.7609s,2
1573942490-0,i-0935701764f9af451,m5d.large,7.782726049423218, --test=cpu --cpu-max-prime=2000000 --num-threads=2 --max-requests=10 run,1551.98ms,7.7601s,2
1573942490-0,i-0935701764f9af451,m5d.large,7.784820318222046, --test=cpu --cpu-max-prime=2000000 --num-threads=2 --max-requests=10 run,1552.09ms,7.7615s,2
1573942490-0,i-0935701764f9af451,m5d.large,7.7815752029418945, --test=cpu --cpu-max-prime=2000000 --num-threads=2 --max-requests=10 run,1551.33ms,7.7601s,2
1573942490-0,i-0935701764f9af451,m5d.large,7.786171197891235, --test=cpu --cpu-max-prime=2000000 --num-threads=2 --max-requests=10 run,1551.68ms,7.7641s,2
1573942490-0,i-0260e33164c158580,m5d.large,8.023170471191406, --test=cpu --cpu-max-prime=2000000 --num-threads=2 --max-requests=10 run,1597.77ms,7.9903s,2
1573942490-0,i-0260e33164c158580,m5d.large,8.009384393692017, --test=cpu --cpu-max-prime=2000000 --num-threads=2 --max-requests=10 run,1597.59ms,7.9885s,2
1573942490-0,i-0260e33164c158580,m5d.large,8.016293287277222, --test=cpu --cpu-max-prime=2000000 --num-threads=2 --max-requests=10 run,1598.44ms,7.9949s,2
1573942490-0,i-0260e33164c158580,m5d.large,8.017590761184692, --test=cpu --cpu-max-prime=2000000 --num-threads=2 --max-requests=10 run,1598.94ms,7.9954s,2
1573942490-0,i-0260e33164c158580,m5d.large,8.011623859405518, --test=cpu --cpu-max-prime=2000000 --num-threads=2 --max-requests=10 run,1597.13ms,7.9884s,2
1573942490-0,i-0260e33164c158580,m5d.large,8.010214805603027, --test=cpu --cpu-max-prime=2000000 --num-threads=2 --max-requests=10 run,1596.74ms,7.9864s,2
1573942490-0,i-0260e33164c158580,m5d.large,8.012328386306763, --test=cpu --cpu-max-prime=2000000 --num-threads=2 --max-requests=10 run,1598.05ms,7.9908s,2
1573942490-0,i-0260e33164c158580,m5d.large,8.02876901626587, --test=cpu --cpu-max-prime=2000000 --num-threads=2 --max-requests=10 run,1599.68ms,8.0052s,2
1573942490-0,i-0260e33164c158580,m5d.large,8.010898351669312, --test=cpu --cpu-max-prime=2000000 --num-threads=2 --max-requests=10 run,1597.05ms,7.9890s,2
1573942490-0,i-0260e33164c158580,m5d.large,8.010700464248657, --test=cpu --cpu-max-prime=2000000 --num-threads=2 --max-requests=10 run,1596.69ms,7.9872s,2
1573942490-0,i-0734e46ea93248b96,m5d.large,7.894715309143066, --test=cpu --cpu-max-prime=2000000 --num-threads=2 --max-requests=10 run,1551.53ms,7.7582s,2
1573942490-0,i-0734e46ea93248b96,m5d.large,7.77516508102417, --test=cpu --cpu-max-prime=2000000 --num-threads=2 --max-requests=10 run,1551.52ms,7.7584s,2
1573942490-0,i-0734e46ea93248b96,m5d.large,7.775463104248047, --test=cpu --cpu-max-prime=2000000 --num-threads=2 --max-requests=10 run,1551.34ms,7.7582s,2
1573942490-0,i-0734e46ea93248b96,m5d.large,7.794837236404419, --test=cpu --cpu-max-prime=2000000 --num-threads=2 --max-requests=10 run,1553.87ms,7.7755s,2
1573942490-0,i-0734e46ea93248b96,m5d.large,7.778664827346802, --test=cpu --cpu-max-prime=2000000 --num-threads=2 --max-requests=10 run,1551.26ms,7.7574s,2
1573942490-0,i-0734e46ea93248b96,m5d.large,7.779667377471924, --test=cpu --cpu-max-prime=2000000 --num-threads=2 --max-requests=10 run,1551.31ms,7.7578s,2
1573942490-0,i-0734e46ea93248b96,m5d.large,7.776500225067139, --test=cpu --cpu-max-prime=2000000 --num-threads=2 --max-requests=10 run,1551.25ms,7.7574s,2
1573942490-0,i-0734e46ea93248b96,m5d.large,7.788191795349121, --test=cpu --cpu-max-prime=2000000 --num-threads=2 --max-requests=10 run,1552.66ms,7.7689s,2
1573942490-0,i-0734e46ea93248b96,m5d.large,7.777923583984375, --test=cpu --cpu-max-prime=2000000 --num-threads=2 --max-requests=10 run,1551.48ms,7.7578s,2
1573942490-0,i-0734e46ea93248b96,m5d.large,7.778432130813599, --test=cpu --cpu-max-prime=2000000 --num-threads=2 --max-requests=10 run,1551.41ms,7.7579s,2
1573942490-0,i-0431f5b0ba4f686c8,m5d.large,8.112592697143555, --test=cpu --cpu-max-prime=2000000 --num-threads=2 --max-requests=10 run,1597.10ms,7.9904s,2
1573942490-0,i-0431f5b0ba4f686c8,m5d.large,8.016332626342773, --test=cpu --cpu-max-prime=2000000 --num-threads=2 --max-requests=10 run,1597.61ms,7.9933s,2
1573942490-0,i-0431f5b0ba4f686c8,m5d.large,8.011953592300415, --test=cpu --cpu-max-prime=2000000 --num-threads=2 --max-requests=10 run,1597.14ms,7.9864s,2
1573942490-0,i-0431f5b0ba4f686c8,m5d.large,8.031799554824829, --test=cpu --cpu-max-prime=2000000 --num-threads=2 --max-requests=10 run,1599.64ms,8.0054s,2
1573942490-0,i-0431f5b0ba4f686c8,m5d.large,8.014550685882568, --test=cpu --cpu-max-prime=2000000 --num-threads=2 --max-requests=10 run,1597.07ms,7.9865s,2
1573942490-0,i-0431f5b0ba4f686c8,m5d.large,8.014493227005005, --test=cpu --cpu-max-prime=2000000 --num-threads=2 --max-requests=10 run,1596.97ms,7.9868s,2
1573942490-0,i-0431f5b0ba4f686c8,m5d.large,8.013434886932373, --test=cpu --cpu-max-prime=2000000 --num-threads=2 --max-requests=10 run,1596.79ms,7.9862s,2
1573942490-0,i-0431f5b0ba4f686c8,m5d.large,8.027787208557129, --test=cpu --cpu-max-prime=2000000 --num-threads=2 --max-requests=10 run,1599.36ms,8.0013s,2
1573942490-0,i-0431f5b0ba4f686c8,m5d.large,8.015698194503784, --test=cpu --cpu-max-prime=2000000 --num-threads=2 --max-requests=10 run,1597.57ms,7.9908s,2
1573942490-0,i-0431f5b0ba4f686c8,m5d.large,8.015831708908081, --test=cpu --cpu-max-prime=2000000 --num-threads=2 --max-requests=10 run,1596.98ms,7.9901s,2
1573942490-0,i-0859c1efd18620040,m5d.large,7.789279937744141, --test=cpu --cpu-max-prime=2000000 --num-threads=2 --max-requests=10 run,1551.79ms,7.7617s,2
1573942490-0,i-0859c1efd18620040,m5d.large,7.7779130935668945, --test=cpu --cpu-max-prime=2000000 --num-threads=2 --max-requests=10 run,1551.59ms,7.7616s,2
1573942490-0,i-0859c1efd18620040,m5d.large,7.793046474456787, --test=cpu --cpu-max-prime=2000000 --num-threads=2 --max-requests=10 run,1553.36ms,7.7766s,2
1573942490-0,i-0859c1efd18620040,m5d.large,7.779813766479492, --test=cpu --cpu-max-prime=2000000 --num-threads=2 --max-requests=10 run,1551.71ms,7.7628s,2
1573942490-0,i-0859c1efd18620040,m5d.large,7.778655767440796, --test=cpu --cpu-max-prime=2000000 --num-threads=2 --max-requests=10 run,1551.77ms,7.7627s,2
1573942490-0,i-0859c1efd18620040,m5d.large,7.789680004119873, --test=cpu --cpu-max-prime=2000000 --num-threads=2 --max-requests=10 run,1552.60ms,7.7711s,2
1573942490-0,i-0859c1efd18620040,m5d.large,7.781220436096191, --test=cpu --cpu-max-prime=2000000 --num-threads=2 --max-requests=10 run,1551.60ms,7.7620s,2
1573942490-0,i-0859c1efd18620040,m5d.large,7.789623975753784, --test=cpu --cpu-max-prime=2000000 --num-threads=2 --max-requests=10 run,1552.92ms,7.7694s,2
1573942490-0,i-0859c1efd18620040,m5d.large,7.779379606246948, --test=cpu --cpu-max-prime=2000000 --num-threads=2 --max-requests=10 run,1551.54ms,7.7612s,2
1573942490-0,i-0859c1efd18620040,m5d.large,7.788088798522949, --test=cpu --cpu-max-prime=2000000 --num-threads=2 --max-requests=10 run,1552.84ms,7.7702s,2
1573942490-0,i-097c3e46dcf390d8a,m5d.large,7.788559436798096, --test=cpu --cpu-max-prime=2000000 --num-threads=2 --max-requests=10 run,1551.94ms,7.7628s,2
1573942490-0,i-097c3e46dcf390d8a,m5d.large,7.777060031890869, --test=cpu --cpu-max-prime=2000000 --num-threads=2 --max-requests=10 run,1551.90ms,7.7598s,2
1573942490-0,i-097c3e46dcf390d8a,m5d.large,7.784750461578369, --test=cpu --cpu-max-prime=2000000 --num-threads=2 --max-requests=10 run,1553.00ms,7.7685s,2
1573942490-0,i-097c3e46dcf390d8a,m5d.large,7.78188943862915, --test=cpu --cpu-max-prime=2000000 --num-threads=2 --max-requests=10 run,1553.01ms,7.7652s,2
1573942490-0,i-097c3e46dcf390d8a,m5d.large,7.781306982040405, --test=cpu --cpu-max-prime=2000000 --num-threads=2 --max-requests=10 run,1552.71ms,7.7642s,2
1573942490-0,i-097c3e46dcf390d8a,m5d.large,7.776916027069092, --test=cpu --cpu-max-prime=2000000 --num-threads=2 --max-requests=10 run,1551.79ms,7.7597s,2
1573942490-0,i-097c3e46dcf390d8a,m5d.large,7.799024343490601, --test=cpu --cpu-max-prime=2000000 --num-threads=2 --max-requests=10 run,1554.59ms,7.7809s,2
1573942490-0,i-097c3e46dcf390d8a,m5d.large,7.785337924957275, --test=cpu --cpu-max-prime=2000000 --num-threads=2 --max-requests=10 run,1552.48ms,7.7667s,2
1573942490-0,i-097c3e46dcf390d8a,m5d.large,7.78124475479126, --test=cpu --cpu-max-prime=2000000 --num-threads=2 --max-requests=10 run,1551.66ms,7.7630s,2
1573942490-0,i-097c3e46dcf390d8a,m5d.large,7.786043643951416, --test=cpu --cpu-max-prime=2000000 --num-threads=2 --max-requests=10 run,1552.04ms,7.7674s,2
1573942490-0,i-0e2bba3028e57b933,m5d.large,8.060503482818604, --test=cpu --cpu-max-prime=2000000 --num-threads=2 --max-requests=10 run,1597.07ms,7.9895s,2
1573942490-0,i-0e2bba3028e57b933,m5d.large,8.012950658798218, --test=cpu --cpu-max-prime=2000000 --num-threads=2 --max-requests=10 run,1597.23ms,7.9875s,2
1573942490-0,i-0e2bba3028e57b933,m5d.large,8.015063047409058, --test=cpu --cpu-max-prime=2000000 --num-threads=2 --max-requests=10 run,1597.39ms,7.9914s,2
1573942490-0,i-0e2bba3028e57b933,m5d.large,8.022330522537231, --test=cpu --cpu-max-prime=2000000 --num-threads=2 --max-requests=10 run,1599.66ms,7.9995s,2
1573942490-0,i-0e2bba3028e57b933,m5d.large,8.015642881393433, --test=cpu --cpu-max-prime=2000000 --num-threads=2 --max-requests=10 run,1596.93ms,7.9870s,2
1573942490-0,i-0e2bba3028e57b933,m5d.large,8.013597965240479, --test=cpu --cpu-max-prime=2000000 --num-threads=2 --max-requests=10 run,1597.08ms,7.9880s,2
1573942490-0,i-0e2bba3028e57b933,m5d.large,8.018264055252075, --test=cpu --cpu-max-prime=2000000 --num-threads=2 --max-requests=10 run,1597.55ms,7.9913s,2
1573942490-0,i-0e2bba3028e57b933,m5d.large,8.030365943908691, --test=cpu --cpu-max-prime=2000000 --num-threads=2 --max-requests=10 run,1598.74ms,7.9979s,2
1573942490-0,i-0e2bba3028e57b933,m5d.large,8.018843650817871, --test=cpu --cpu-max-prime=2000000 --num-threads=2 --max-requests=10 run,1597.53ms,7.9923s,2
1573942490-0,i-0e2bba3028e57b933,m5d.large,8.014965295791626, --test=cpu --cpu-max-prime=2000000 --num-threads=2 --max-requests=10 run,1597.25ms,7.9884s,2
1573942490-0,i-0fe52617ed49f921d,m5d.large,9.11922025680542, --test=cpu --cpu-max-prime=2000000 --num-threads=2 --max-requests=10 run,1803.39ms,9.0231s,2
1573942490-0,i-0fe52617ed49f921d,m5d.large,9.060740232467651, --test=cpu --cpu-max-prime=2000000 --num-threads=2 --max-requests=10 run,1804.77ms,9.0350s,2
1573942490-0,i-0fe52617ed49f921d,m5d.large,9.05193305015564, --test=cpu --cpu-max-prime=2000000 --num-threads=2 --max-requests=10 run,1804.05ms,9.0260s,2
1573942490-0,i-0fe52617ed49f921d,m5d.large,9.064170598983765, --test=cpu --cpu-max-prime=2000000 --num-threads=2 --max-requests=10 run,1805.73ms,9.0376s,2
1573942490-0,i-0fe52617ed49f921d,m5d.large,9.046457529067993, --test=cpu --cpu-max-prime=2000000 --num-threads=2 --max-requests=10 run,1803.58ms,9.0188s,2
1573942490-0,i-0fe52617ed49f921d,m5d.large,9.04759168624878, --test=cpu --cpu-max-prime=2000000 --num-threads=2 --max-requests=10 run,1803.70ms,9.0195s,2
1573942490-0,i-0fe52617ed49f921d,m5d.large,9.059565782546997, --test=cpu --cpu-max-prime=2000000 --num-threads=2 --max-requests=10 run,1805.16ms,9.0293s,2
1573942490-0,i-0fe52617ed49f921d,m5d.large,9.05517578125, --test=cpu --cpu-max-prime=2000000 --num-threads=2 --max-requests=10 run,1803.76ms,9.0287s,2
1573942490-0,i-0fe52617ed49f921d,m5d.large,9.055155277252197, --test=cpu --cpu-max-prime=2000000 --num-threads=2 --max-requests=10 run,1803.61ms,9.0278s,2
1573942490-0,i-0fe52617ed49f921d,m5d.large,9.05575680732727, --test=cpu --cpu-max-prime=2000000 --num-threads=2 --max-requests=10 run,1804.88ms,9.0280s,2
1573942490-0,i-0ff32a7bce1e3a734,m5d.large,8.015501499176025, --test=cpu --cpu-max-prime=2000000 --num-threads=2 --max-requests=10 run,1597.68ms,7.9885s,2
1573942490-0,i-0ff32a7bce1e3a734,m5d.large,8.007594585418701, --test=cpu --cpu-max-prime=2000000 --num-threads=2 --max-requests=10 run,1597.00ms,7.9888s,2
1573942490-0,i-0ff32a7bce1e3a734,m5d.large,8.016591310501099, --test=cpu --cpu-max-prime=2000000 --num-threads=2 --max-requests=10 run,1598.34ms,7.9985s,2
1573942490-0,i-0ff32a7bce1e3a734,m5d.large,8.009589433670044, --test=cpu --cpu-max-prime=2000000 --num-threads=2 --max-requests=10 run,1597.31ms,7.9915s,2
1573942490-0,i-0ff32a7bce1e3a734,m5d.large,8.009066581726074, --test=cpu --cpu-max-prime=2000000 --num-threads=2 --max-requests=10 run,1597.80ms,7.9906s,2
1573942490-0,i-0ff32a7bce1e3a734,m5d.large,8.007455587387085, --test=cpu --cpu-max-prime=2000000 --num-threads=2 --max-requests=10 run,1596.93ms,7.9861s,2
1573942490-0,i-0ff32a7bce1e3a734,m5d.large,8.013181924819946, --test=cpu --cpu-max-prime=2000000 --num-threads=2 --max-requests=10 run,1598.03ms,7.9930s,2
1573942490-0,i-0ff32a7bce1e3a734,m5d.large,8.013062238693237, --test=cpu --cpu-max-prime=2000000 --num-threads=2 --max-requests=10 run,1598.06ms,7.9934s,2
1573942490-0,i-0ff32a7bce1e3a734,m5d.large,8.007123231887817, --test=cpu --cpu-max-prime=2000000 --num-threads=2 --max-requests=10 run,1597.00ms,7.9874s,2
1573942490-0,i-0ff32a7bce1e3a734,m5d.large,8.008780241012573, --test=cpu --cpu-max-prime=2000000 --num-threads=2 --max-requests=10 run,1597.43ms,7.9895s,2
1573942490-0,i-0b9ff58588e16d551,m5d.large,9.166003704071045, --test=cpu --cpu-max-prime=2000000 --num-threads=2 --max-requests=10 run,1804.11ms,9.0245s,2
1573942490-0,i-0b9ff58588e16d551,m5d.large,9.04077434539795, --test=cpu --cpu-max-prime=2000000 --num-threads=2 --max-requests=10 run,1803.39ms,9.0192s,2
1573942490-0,i-0b9ff58588e16d551,m5d.large,9.044009447097778, --test=cpu --cpu-max-prime=2000000 --num-threads=2 --max-requests=10 run,1803.65ms,9.0192s,2
1573942490-0,i-0b9ff58588e16d551,m5d.large,9.065038204193115, --test=cpu --cpu-max-prime=2000000 --num-threads=2 --max-requests=10 run,1806.19ms,9.0417s,2
1573942490-0,i-0b9ff58588e16d551,m5d.large,9.045171976089478, --test=cpu --cpu-max-prime=2000000 --num-threads=2 --max-requests=10 run,1803.51ms,9.0194s,2
1573942490-0,i-0b9ff58588e16d551,m5d.large,9.045108556747437, --test=cpu --cpu-max-prime=2000000 --num-threads=2 --max-requests=10 run,1803.83ms,9.0217s,2
1573942490-0,i-0b9ff58588e16d551,m5d.large,9.056642770767212, --test=cpu --cpu-max-prime=2000000 --num-threads=2 --max-requests=10 run,1805.63ms,9.0323s,2
1573942490-0,i-0b9ff58588e16d551,m5d.large,9.047558069229126, --test=cpu --cpu-max-prime=2000000 --num-threads=2 --max-requests=10 run,1803.63ms,9.0248s,2
1573942490-0,i-0b9ff58588e16d551,m5d.large,9.048749446868896, --test=cpu --cpu-max-prime=2000000 --num-threads=2 --max-requests=10 run,1803.47ms,9.0256s,2
1573942490-0,i-0b9ff58588e16d551,m5d.large,9.054222106933594, --test=cpu --cpu-max-prime=2000000 --num-threads=2 --max-requests=10 run,1805.42ms,9.0308s,2
1573942490-0,i-00b268a4ae508cf2f,m5d.large,8.01118016242981, --test=cpu --cpu-max-prime=2000000 --num-threads=2 --max-requests=10 run,1596.53ms,7.9861s,2
1573942490-0,i-00b268a4ae508cf2f,m5d.large,8.006231546401978, --test=cpu --cpu-max-prime=2000000 --num-threads=2 --max-requests=10 run,1597.32ms,7.9886s,2
1573942490-0,i-00b268a4ae508cf2f,m5d.large,8.018882036209106, --test=cpu --cpu-max-prime=2000000 --num-threads=2 --max-requests=10 run,1598.04ms,7.9995s,2
1573942490-0,i-00b268a4ae508cf2f,m5d.large,8.014602422714233, --test=cpu --cpu-max-prime=2000000 --num-threads=2 --max-requests=10 run,1598.63ms,7.9964s,2
1573942490-0,i-00b268a4ae508cf2f,m5d.large,8.004616498947144, --test=cpu --cpu-max-prime=2000000 --num-threads=2 --max-requests=10 run,1596.47ms,7.9846s,2
1573942490-0,i-00b268a4ae508cf2f,m5d.large,8.006135702133179, --test=cpu --cpu-max-prime=2000000 --num-threads=2 --max-requests=10 run,1596.52ms,7.9852s,2
1573942490-0,i-00b268a4ae508cf2f,m5d.large,8.014747381210327, --test=cpu --cpu-max-prime=2000000 --num-threads=2 --max-requests=10 run,1597.52ms,7.9948s,2
1573942490-0,i-00b268a4ae508cf2f,m5d.large,8.010294198989868, --test=cpu --cpu-max-prime=2000000 --num-threads=2 --max-requests=10 run,1597.44ms,7.9908s,2
1573942490-0,i-00b268a4ae508cf2f,m5d.large,8.00786828994751, --test=cpu --cpu-max-prime=2000000 --num-threads=2 --max-requests=10 run,1596.90ms,7.9884s,2
1573942490-0,i-00b268a4ae508cf2f,m5d.large,8.015547513961792, --test=cpu --cpu-max-prime=2000000 --num-threads=2 --max-requests=10 run,1597.63ms,7.9964s,2
1573942490-0,i-0564c4e163025661e,m5d.large,8.143396854400635, --test=cpu --cpu-max-prime=2000000 --num-threads=2 --max-requests=10 run,1597.30ms,7.9883s,2
1573942490-0,i-0564c4e163025661e,m5d.large,8.007508277893066, --test=cpu --cpu-max-prime=2000000 --num-threads=2 --max-requests=10 run,1596.86ms,7.9861s,2
1573942490-0,i-0564c4e163025661e,m5d.large,8.014288902282715, --test=cpu --cpu-max-prime=2000000 --num-threads=2 --max-requests=10 run,1598.21ms,7.9933s,2
1573942490-0,i-0564c4e163025661e,m5d.large,8.009158372879028, --test=cpu --cpu-max-prime=2000000 --num-threads=2 --max-requests=10 run,1597.05ms,7.9860s,2
1573942490-0,i-0564c4e163025661e,m5d.large,8.009912252426147, --test=cpu --cpu-max-prime=2000000 --num-threads=2 --max-requests=10 run,1596.88ms,7.9866s,2
1573942490-0,i-0564c4e163025661e,m5d.large,8.009721279144287, --test=cpu --cpu-max-prime=2000000 --num-threads=2 --max-requests=10 run,1596.83ms,7.9865s,2
1573942490-0,i-0564c4e163025661e,m5d.large,8.013227939605713, --test=cpu --cpu-max-prime=2000000 --num-threads=2 --max-requests=10 run,1597.58ms,7.9894s,2
1573942490-0,i-0564c4e163025661e,m5d.large,8.017754316329956, --test=cpu --cpu-max-prime=2000000 --num-threads=2 --max-requests=10 run,1598.03ms,7.9940s,2
1573942490-0,i-0564c4e163025661e,m5d.large,8.012794971466064, --test=cpu --cpu-max-prime=2000000 --num-threads=2 --max-requests=10 run,1596.96ms,7.9880s,2
1573942490-0,i-0564c4e163025661e,m5d.large,8.021010875701904, --test=cpu --cpu-max-prime=2000000 --num-threads=2 --max-requests=10 run,1598.58ms,7.9965s,2
1573942490-0,i-07aba7fdbc894c5fb,m5d.large,8.015369892120361, --test=cpu --cpu-max-prime=2000000 --num-threads=2 --max-requests=10 run,1597.08ms,7.9870s,2
1573942490-0,i-07aba7fdbc894c5fb,m5d.large,8.005528450012207, --test=cpu --cpu-max-prime=2000000 --num-threads=2 --max-requests=10 run,1597.09ms,7.9867s,2
1573942490-0,i-07aba7fdbc894c5fb,m5d.large,8.022654294967651, --test=cpu --cpu-max-prime=2000000 --num-threads=2 --max-requests=10 run,1599.69ms,8.0047s,2
1573942490-0,i-07aba7fdbc894c5fb,m5d.large,8.007834434509277, --test=cpu --cpu-max-prime=2000000 --num-threads=2 --max-requests=10 run,1597.08ms,7.9883s,2
1573942490-0,i-07aba7fdbc894c5fb,m5d.large,8.008193492889404, --test=cpu --cpu-max-prime=2000000 --num-threads=2 --max-requests=10 run,1596.88ms,7.9877s,2
1573942490-0,i-07aba7fdbc894c5fb,m5d.large,8.012661695480347, --test=cpu --cpu-max-prime=2000000 --num-threads=2 --max-requests=10 run,1597.55ms,7.9923s,2
1573942490-0,i-07aba7fdbc894c5fb,m5d.large,8.0096116065979, --test=cpu --cpu-max-prime=2000000 --num-threads=2 --max-requests=10 run,1597.31ms,7.9887s,2
1573942490-0,i-07aba7fdbc894c5fb,m5d.large,8.014748573303223, --test=cpu --cpu-max-prime=2000000 --num-threads=2 --max-requests=10 run,1597.96ms,7.9944s,2
1573942490-0,i-07aba7fdbc894c5fb,m5d.large,8.006837844848633, --test=cpu --cpu-max-prime=2000000 --num-threads=2 --max-requests=10 run,1597.02ms,7.9868s,2
1573942490-0,i-07aba7fdbc894c5fb,m5d.large,8.019096374511719, --test=cpu --cpu-max-prime=2000000 --num-threads=2 --max-requests=10 run,1598.45ms,7.9988s,2
1573942490-0,i-0330f8e04fb45f4ac,m5d.large,8.091915369033813, --test=cpu --cpu-max-prime=2000000 --num-threads=2 --max-requests=10 run,1597.50ms,7.9896s,2
1573942490-0,i-0330f8e04fb45f4ac,m5d.large,8.011280059814453, --test=cpu --cpu-max-prime=2000000 --num-threads=2 --max-requests=10 run,1596.95ms,7.9880s,2
1573942490-0,i-0330f8e04fb45f4ac,m5d.large,8.022105932235718, --test=cpu --cpu-max-prime=2000000 --num-threads=2 --max-requests=10 run,1598.62ms,7.9970s,2
1573942490-0,i-0330f8e04fb45f4ac,m5d.large,8.014124393463135, --test=cpu --cpu-max-prime=2000000 --num-threads=2 --max-requests=10 run,1597.66ms,7.9893s,2
1573942490-0,i-0330f8e04fb45f4ac,m5d.large,8.014097213745117, --test=cpu --cpu-max-prime=2000000 --num-threads=2 --max-requests=10 run,1597.26ms,7.9870s,2
1573942490-0,i-0330f8e04fb45f4ac,m5d.large,8.013855695724487, --test=cpu --cpu-max-prime=2000000 --num-threads=2 --max-requests=10 run,1596.98ms,7.9862s,2
1573942490-0,i-0330f8e04fb45f4ac,m5d.large,8.025297164916992, --test=cpu --cpu-max-prime=2000000 --num-threads=2 --max-requests=10 run,1597.97ms,7.9980s,2
1573942490-0,i-0330f8e04fb45f4ac,m5d.large,8.02855372428894, --test=cpu --cpu-max-prime=2000000 --num-threads=2 --max-requests=10 run,1598.24ms,7.9979s,2
1573942490-0,i-0330f8e04fb45f4ac,m5d.large,8.014728784561157, --test=cpu --cpu-max-prime=2000000 --num-threads=2 --max-requests=10 run,1597.30ms,7.9871s,2
1573942490-0,i-0330f8e04fb45f4ac,m5d.large,8.014833450317383, --test=cpu --cpu-max-prime=2000000 --num-threads=2 --max-requests=10 run,1597.62ms,7.9903s,2
1573942490-0,i-0314d213ca75d492b,m5d.large,9.087005615234375, --test=cpu --cpu-max-prime=2000000 --num-threads=2 --max-requests=10 run,1803.39ms,9.0245s,2
1573942490-0,i-0314d213ca75d492b,m5d.large,9.064922094345093, --test=cpu --cpu-max-prime=2000000 --num-threads=2 --max-requests=10 run,1804.98ms,9.0324s,2
1573942490-0,i-0314d213ca75d492b,m5d.large,9.048898935317993, --test=cpu --cpu-max-prime=2000000 --num-threads=2 --max-requests=10 run,1804.27ms,9.0238s,2
1573942490-0,i-0314d213ca75d492b,m5d.large,9.044408559799194, --test=cpu --cpu-max-prime=2000000 --num-threads=2 --max-requests=10 run,1803.71ms,9.0192s,2
1573942490-0,i-0314d213ca75d492b,m5d.large,9.04745626449585, --test=cpu --cpu-max-prime=2000000 --num-threads=2 --max-requests=10 run,1803.67ms,9.0187s,2
1573942490-0,i-0314d213ca75d492b,m5d.large,9.054323434829712, --test=cpu --cpu-max-prime=2000000 --num-threads=2 --max-requests=10 run,1804.32ms,9.0231s,2
1573942490-0,i-0314d213ca75d492b,m5d.large,9.05431604385376, --test=cpu --cpu-max-prime=2000000 --num-threads=2 --max-requests=10 run,1804.97ms,9.0262s,2
1573942490-0,i-0314d213ca75d492b,m5d.large,9.059342384338379, --test=cpu --cpu-max-prime=2000000 --num-threads=2 --max-requests=10 run,1804.18ms,9.0334s,2
1573942490-0,i-0314d213ca75d492b,m5d.large,9.076624155044556, --test=cpu --cpu-max-prime=2000000 --num-threads=2 --max-requests=10 run,1806.50ms,9.0488s,2
1573942490-0,i-0314d213ca75d492b,m5d.large,9.052942514419556, --test=cpu --cpu-max-prime=2000000 --num-threads=2 --max-requests=10 run,1803.36ms,9.0263s,2
1573942490-0,i-031b2f76071a565fc,m5d.large,9.189997434616089, --test=cpu --cpu-max-prime=2000000 --num-threads=2 --max-requests=10 run,1803.30ms,9.0219s,2
1573942490-0,i-031b2f76071a565fc,m5d.large,9.044902563095093, --test=cpu --cpu-max-prime=2000000 --num-threads=2 --max-requests=10 run,1803.22ms,9.0214s,2
1573942490-0,i-031b2f76071a565fc,m5d.large,9.04555058479309, --test=cpu --cpu-max-prime=2000000 --num-threads=2 --max-requests=10 run,1805.46ms,9.0276s,2
1573942490-0,i-031b2f76071a565fc,m5d.large,9.043109655380249, --test=cpu --cpu-max-prime=2000000 --num-threads=2 --max-requests=10 run,1803.39ms,9.0230s,2
1573942490-0,i-031b2f76071a565fc,m5d.large,9.045930862426758, --test=cpu --cpu-max-prime=2000000 --num-threads=2 --max-requests=10 run,1803.64ms,9.0259s,2
1573942490-0,i-031b2f76071a565fc,m5d.large,9.045966148376465, --test=cpu --cpu-max-prime=2000000 --num-threads=2 --max-requests=10 run,1804.08ms,9.0252s,2
1573942490-0,i-031b2f76071a565fc,m5d.large,9.056733131408691, --test=cpu --cpu-max-prime=2000000 --num-threads=2 --max-requests=10 run,1804.76ms,9.0353s,2
1573942490-0,i-031b2f76071a565fc,m5d.large,9.042235851287842, --test=cpu --cpu-max-prime=2000000 --num-threads=2 --max-requests=10 run,1804.17ms,9.0212s,2
1573942490-0,i-031b2f76071a565fc,m5d.large,9.047215938568115, --test=cpu --cpu-max-prime=2000000 --num-threads=2 --max-requests=10 run,1804.63ms,9.0264s,2
1573942490-0,i-031b2f76071a565fc,m5d.large,9.057551145553589, --test=cpu --cpu-max-prime=2000000 --num-threads=2 --max-requests=10 run,1804.83ms,9.0376s,2
1573942490-0,i-0b218a39a18187a2a,m5d.large,8.019081354141235, --test=cpu --cpu-max-prime=2000000 --num-threads=2 --max-requests=10 run,1597.08ms,7.9870s,2
1573942490-0,i-0b218a39a18187a2a,m5d.large,8.00803017616272, --test=cpu --cpu-max-prime=2000000 --num-threads=2 --max-requests=10 run,1596.82ms,7.9857s,2
1573942490-0,i-0b218a39a18187a2a,m5d.large,8.017578840255737, --test=cpu --cpu-max-prime=2000000 --num-threads=2 --max-requests=10 run,1598.29ms,7.9952s,2
1573942490-0,i-0b218a39a18187a2a,m5d.large,8.016712427139282, --test=cpu --cpu-max-prime=2000000 --num-threads=2 --max-requests=10 run,1598.66ms,7.9946s,2
1573942490-0,i-0b218a39a18187a2a,m5d.large,8.012678623199463, --test=cpu --cpu-max-prime=2000000 --num-threads=2 --max-requests=10 run,1596.82ms,7.9858s,2
1573942490-0,i-0b218a39a18187a2a,m5d.large,8.013208866119385, --test=cpu --cpu-max-prime=2000000 --num-threads=2 --max-requests=10 run,1597.08ms,7.9888s,2
1573942490-0,i-0b218a39a18187a2a,m5d.large,8.020552396774292, --test=cpu --cpu-max-prime=2000000 --num-threads=2 --max-requests=10 run,1597.80ms,7.9970s,2
1573942490-0,i-0b218a39a18187a2a,m5d.large,8.013861179351807, --test=cpu --cpu-max-prime=2000000 --num-threads=2 --max-requests=10 run,1597.70ms,7.9896s,2
1573942490-0,i-0b218a39a18187a2a,m5d.large,8.008904933929443, --test=cpu --cpu-max-prime=2000000 --num-threads=2 --max-requests=10 run,1596.93ms,7.9851s,2
1573942490-0,i-0b218a39a18187a2a,m5d.large,8.016754388809204, --test=cpu --cpu-max-prime=2000000 --num-threads=2 --max-requests=10 run,1597.85ms,7.9936s,2
1573942490-0,i-06c61b81107579b76,m5d.large,9.12258267402649, --test=cpu --cpu-max-prime=2000000 --num-threads=2 --max-requests=10 run,1804.10ms,9.0303s,2
1573942490-0,i-06c61b81107579b76,m5d.large,9.052719116210938, --test=cpu --cpu-max-prime=2000000 --num-threads=2 --max-requests=10 run,1803.68ms,9.0261s,2
1573942490-0,i-06c61b81107579b76,m5d.large,9.053330898284912, --test=cpu --cpu-max-prime=2000000 --num-threads=2 --max-requests=10 run,1804.88ms,9.0269s,2
1573942490-0,i-06c61b81107579b76,m5d.large,9.066512107849121, --test=cpu --cpu-max-prime=2000000 --num-threads=2 --max-requests=10 run,1804.93ms,9.0403s,2
1573942490-0,i-06c61b81107579b76,m5d.large,9.055200815200806, --test=cpu --cpu-max-prime=2000000 --num-threads=2 --max-requests=10 run,1803.45ms,9.0251s,2
1573942490-0,i-06c61b81107579b76,m5d.large,9.0548255443573, --test=cpu --cpu-max-prime=2000000 --num-threads=2 --max-requests=10 run,1803.33ms,9.0244s,2
1573942490-0,i-06c61b81107579b76,m5d.large,9.06441593170166, --test=cpu --cpu-max-prime=2000000 --num-threads=2 --max-requests=10 run,1805.10ms,9.0332s,2
1573942490-0,i-06c61b81107579b76,m5d.large,9.055269479751587, --test=cpu --cpu-max-prime=2000000 --num-threads=2 --max-requests=10 run,1803.67ms,9.0258s,2
1573942490-0,i-06c61b81107579b76,m5d.large,9.05429482460022, --test=cpu --cpu-max-prime=2000000 --num-threads=2 --max-requests=10 run,1803.51ms,9.0265s,2
1573942490-0,i-06c61b81107579b76,m5d.large,9.058964490890503, --test=cpu --cpu-max-prime=2000000 --num-threads=2 --max-requests=10 run,1805.27ms,9.0302s,2
1573942490-0,i-047575da5698f4497,m5d.large,9.202174663543701, --test=cpu --cpu-max-prime=2000000 --num-threads=2 --max-requests=10 run,1804.34ms,9.0288s,2
1573942490-0,i-047575da5698f4497,m5d.large,9.044102430343628, --test=cpu --cpu-max-prime=2000000 --num-threads=2 --max-requests=10 run,1803.47ms,9.0237s,2
1573942490-0,i-047575da5698f4497,m5d.large,9.045682907104492, --test=cpu --cpu-max-prime=2000000 --num-threads=2 --max-requests=10 run,1803.40ms,9.0248s,2
1573942490-0,i-047575da5698f4497,m5d.large,9.070423603057861, --test=cpu --cpu-max-prime=2000000 --num-threads=2 --max-requests=10 run,1806.38ms,9.0457s,2
1573942490-0,i-047575da5698f4497,m5d.large,9.045593500137329, --test=cpu --cpu-max-prime=2000000 --num-threads=2 --max-requests=10 run,1803.24ms,9.0235s,2
1573942490-0,i-047575da5698f4497,m5d.large,9.044036626815796, --test=cpu --cpu-max-prime=2000000 --num-threads=2 --max-requests=10 run,1803.37ms,9.0236s,2
1573942490-0,i-047575da5698f4497,m5d.large,9.04889702796936, --test=cpu --cpu-max-prime=2000000 --num-threads=2 --max-requests=10 run,1805.21ms,9.0273s,2
1573942490-0,i-047575da5698f4497,m5d.large,9.048752307891846, --test=cpu --cpu-max-prime=2000000 --num-threads=2 --max-requests=10 run,1804.14ms,9.0240s,2
1573942490-0,i-047575da5698f4497,m5d.large,9.04610800743103, --test=cpu --cpu-max-prime=2000000 --num-threads=2 --max-requests=10 run,1803.51ms,9.0253s,2
1573942490-0,i-047575da5698f4497,m5d.large,9.053701400756836, --test=cpu --cpu-max-prime=2000000 --num-threads=2 --max-requests=10 run,1805.02ms,9.0320s,2
1573942490-0,i-0ece06eab633a3526,m5d.large,9.277759790420532, --test=cpu --cpu-max-prime=2000000 --num-threads=2 --max-requests=10 run,1813.52ms,9.1176s,2
1573942490-0,i-0ece06eab633a3526,m5d.large,9.136798858642578, --test=cpu --cpu-max-prime=2000000 --num-threads=2 --max-requests=10 run,1812.98ms,9.1172s,2
1573942490-0,i-0ece06eab633a3526,m5d.large,9.147931575775146, --test=cpu --cpu-max-prime=2000000 --num-threads=2 --max-requests=10 run,1813.52ms,9.1296s,2
1573942490-0,i-0ece06eab633a3526,m5d.large,9.175790548324585, --test=cpu --cpu-max-prime=2000000 --num-threads=2 --max-requests=10 run,1816.29ms,9.1553s,2
1573942490-0,i-0ece06eab633a3526,m5d.large,9.146994352340698, --test=cpu --cpu-max-prime=2000000 --num-threads=2 --max-requests=10 run,1812.83ms,9.1258s,2
1573942490-0,i-0ece06eab633a3526,m5d.large,9.144755125045776, --test=cpu --cpu-max-prime=2000000 --num-threads=2 --max-requests=10 run,1813.11ms,9.1193s,2
1573942490-0,i-0ece06eab633a3526,m5d.large,9.151153564453125, --test=cpu --cpu-max-prime=2000000 --num-threads=2 --max-requests=10 run,1814.41ms,9.1290s,2
1573942490-0,i-0ece06eab633a3526,m5d.large,9.146631240844727, --test=cpu --cpu-max-prime=2000000 --num-threads=2 --max-requests=10 run,1812.84ms,9.1259s,2
1573942490-0,i-0ece06eab633a3526,m5d.large,9.142205953598022, --test=cpu --cpu-max-prime=2000000 --num-threads=2 --max-requests=10 run,1813.11ms,9.1186s,2
1573942490-0,i-0ece06eab633a3526,m5d.large,9.150865077972412, --test=cpu --cpu-max-prime=2000000 --num-threads=2 --max-requests=10 run,1814.42ms,9.1307s,2
1573942490-0,i-0ca55bbf96a4d4a74,m5d.large,7.800296068191528, --test=cpu --cpu-max-prime=2000000 --num-threads=2 --max-requests=10 run,1551.84ms,7.7612s,2
1573942490-0,i-0ca55bbf96a4d4a74,m5d.large,7.782847166061401, --test=cpu --cpu-max-prime=2000000 --num-threads=2 --max-requests=10 run,1551.30ms,7.7588s,2
1573942490-0,i-0ca55bbf96a4d4a74,m5d.large,7.782536029815674, --test=cpu --cpu-max-prime=2000000 --num-threads=2 --max-requests=10 run,1551.34ms,7.7590s,2
1573942490-0,i-0ca55bbf96a4d4a74,m5d.large,7.795589208602905, --test=cpu --cpu-max-prime=2000000 --num-threads=2 --max-requests=10 run,1554.07ms,7.7730s,2
1573942490-0,i-0ca55bbf96a4d4a74,m5d.large,7.783977746963501, --test=cpu --cpu-max-prime=2000000 --num-threads=2 --max-requests=10 run,1551.14ms,7.7583s,2
1573942490-0,i-0ca55bbf96a4d4a74,m5d.large,7.784786939620972, --test=cpu --cpu-max-prime=2000000 --num-threads=2 --max-requests=10 run,1551.19ms,7.7582s,2
1573942490-0,i-0ca55bbf96a4d4a74,m5d.large,7.785174369812012, --test=cpu --cpu-max-prime=2000000 --num-threads=2 --max-requests=10 run,1551.44ms,7.7585s,2
1573942490-0,i-0ca55bbf96a4d4a74,m5d.large,7.799894094467163, --test=cpu --cpu-max-prime=2000000 --num-threads=2 --max-requests=10 run,1553.43ms,7.7736s,2
1573942490-0,i-0ca55bbf96a4d4a74,m5d.large,7.787367820739746, --test=cpu --cpu-max-prime=2000000 --num-threads=2 --max-requests=10 run,1551.90ms,7.7618s,2
1573942490-0,i-0ca55bbf96a4d4a74,m5d.large,7.785372972488403, --test=cpu --cpu-max-prime=2000000 --num-threads=2 --max-requests=10 run,1551.24ms,7.7590s,2
1573942490-0,i-0b65af7aa537d3168,m5d.large,8.026335000991821, --test=cpu --cpu-max-prime=2000000 --num-threads=2 --max-requests=10 run,1597.76ms,7.9896s,2
1573942490-0,i-0b65af7aa537d3168,m5d.large,8.010887622833252, --test=cpu --cpu-max-prime=2000000 --num-threads=2 --max-requests=10 run,1597.00ms,7.9871s,2
1573942490-0,i-0b65af7aa537d3168,m5d.large,8.007343530654907, --test=cpu --cpu-max-prime=2000000 --num-threads=2 --max-requests=10 run,1596.85ms,7.9863s,2
1573942490-0,i-0b65af7aa537d3168,m5d.large,8.025398254394531, --test=cpu --cpu-max-prime=2000000 --num-threads=2 --max-requests=10 run,1599.50ms,8.0020s,2
1573942490-0,i-0b65af7aa537d3168,m5d.large,8.008647918701172, --test=cpu --cpu-max-prime=2000000 --num-threads=2 --max-requests=10 run,1596.99ms,7.9861s,2
1573942490-0,i-0b65af7aa537d3168,m5d.large,8.010597944259644, --test=cpu --cpu-max-prime=2000000 --num-threads=2 --max-requests=10 run,1596.74ms,7.9865s,2
1573942490-0,i-0b65af7aa537d3168,m5d.large,8.00858449935913, --test=cpu --cpu-max-prime=2000000 --num-threads=2 --max-requests=10 run,1596.65ms,7.9855s,2
1573942490-0,i-0b65af7aa537d3168,m5d.large,8.016474962234497, --test=cpu --cpu-max-prime=2000000 --num-threads=2 --max-requests=10 run,1598.42ms,7.9930s,2
1573942490-0,i-0b65af7aa537d3168,m5d.large,8.012268543243408, --test=cpu --cpu-max-prime=2000000 --num-threads=2 --max-requests=10 run,1597.16ms,7.9880s,2
1573942490-0,i-0b65af7aa537d3168,m5d.large,8.01233959197998, --test=cpu --cpu-max-prime=2000000 --num-threads=2 --max-requests=10 run,1596.89ms,7.9875s,2
1573942490-0,i-018b98b01134abbc5,m5d.large,9.117074728012085, --test=cpu --cpu-max-prime=2000000 --num-threads=2 --max-requests=10 run,1804.03ms,9.0208s,2
1573942490-0,i-018b98b01134abbc5,m5d.large,9.047749519348145, --test=cpu --cpu-max-prime=2000000 --num-threads=2 --max-requests=10 run,1803.98ms,9.0238s,2
1573942490-0,i-018b98b01134abbc5,m5d.large,9.049998998641968, --test=cpu --cpu-max-prime=2000000 --num-threads=2 --max-requests=10 run,1804.68ms,9.0279s,2
1573942490-0,i-018b98b01134abbc5,m5d.large,9.055822849273682, --test=cpu --cpu-max-prime=2000000 --num-threads=2 --max-requests=10 run,1805.34ms,9.0324s,2
1573942490-0,i-018b98b01134abbc5,m5d.large,9.045695781707764, --test=cpu --cpu-max-prime=2000000 --num-threads=2 --max-requests=10 run,1803.66ms,9.0186s,2
1573942490-0,i-018b98b01134abbc5,m5d.large,9.043765306472778, --test=cpu --cpu-max-prime=2000000 --num-threads=2 --max-requests=10 run,1803.49ms,9.0203s,2
1573942490-0,i-018b98b01134abbc5,m5d.large,9.053675889968872, --test=cpu --cpu-max-prime=2000000 --num-threads=2 --max-requests=10 run,1805.10ms,9.0309s,2
1573942490-0,i-018b98b01134abbc5,m5d.large,9.045130729675293, --test=cpu --cpu-max-prime=2000000 --num-threads=2 --max-requests=10 run,1804.25ms,9.0218s,2
1573942490-0,i-018b98b01134abbc5,m5d.large,9.045038938522339, --test=cpu --cpu-max-prime=2000000 --num-threads=2 --max-requests=10 run,1803.87ms,9.0206s,2
1573942490-0,i-018b98b01134abbc5,m5d.large,9.051461935043335, --test=cpu --cpu-max-prime=2000000 --num-threads=2 --max-requests=10 run,1805.05ms,9.0269s,2
1573942490-0,i-07371e52fb12110ae,m5d.large,9.203311681747437, --test=cpu --cpu-max-prime=2000000 --num-threads=2 --max-requests=10 run,1803.35ms,9.0183s,2
1573942490-0,i-07371e52fb12110ae,m5d.large,9.047533512115479, --test=cpu --cpu-max-prime=2000000 --num-threads=2 --max-requests=10 run,1803.24ms,9.0243s,2
1573942490-0,i-07371e52fb12110ae,m5d.large,9.052871704101562, --test=cpu --cpu-max-prime=2000000 --num-threads=2 --max-requests=10 run,1804.72ms,9.0256s,2
1573942490-0,i-07371e52fb12110ae,m5d.large,9.060584306716919, --test=cpu --cpu-max-prime=2000000 --num-threads=2 --max-requests=10 run,1804.66ms,9.0374s,2
1573942490-0,i-07371e52fb12110ae,m5d.large,9.04785442352295, --test=cpu --cpu-max-prime=2000000 --num-threads=2 --max-requests=10 run,1803.03ms,9.0222s,2
1573942490-0,i-07371e52fb12110ae,m5d.large,9.047189474105835, --test=cpu --cpu-max-prime=2000000 --num-threads=2 --max-requests=10 run,1803.53ms,9.0225s,2
1573942490-0,i-07371e52fb12110ae,m5d.large,9.055052757263184, --test=cpu --cpu-max-prime=2000000 --num-threads=2 --max-requests=10 run,1804.93ms,9.0300s,2
1573942490-0,i-07371e52fb12110ae,m5d.large,9.048935174942017, --test=cpu --cpu-max-prime=2000000 --num-threads=2 --max-requests=10 run,1803.33ms,9.0237s,2
1573942490-0,i-07371e52fb12110ae,m5d.large,9.052238702774048, --test=cpu --cpu-max-prime=2000000 --num-threads=2 --max-requests=10 run,1803.31ms,9.0238s,2
1573942490-0,i-07371e52fb12110ae,m5d.large,9.052983522415161, --test=cpu --cpu-max-prime=2000000 --num-threads=2 --max-requests=10 run,1805.21ms,9.0276s,2
1573942490-0,i-061f3d47b6ec6d899,m5d.large,7.869093656539917, --test=cpu --cpu-max-prime=2000000 --num-threads=2 --max-requests=10 run,1551.67ms,7.7611s,2
1573942490-0,i-061f3d47b6ec6d899,m5d.large,7.783714532852173, --test=cpu --cpu-max-prime=2000000 --num-threads=2 --max-requests=10 run,1552.07ms,7.7658s,2
1573942490-0,i-061f3d47b6ec6d899,m5d.large,7.779574632644653, --test=cpu --cpu-max-prime=2000000 --num-threads=2 --max-requests=10 run,1551.52ms,7.7610s,2
1573942490-0,i-061f3d47b6ec6d899,m5d.large,7.794340133666992, --test=cpu --cpu-max-prime=2000000 --num-threads=2 --max-requests=10 run,1554.07ms,7.7765s,2
1573942490-0,i-061f3d47b6ec6d899,m5d.large,7.779201507568359, --test=cpu --cpu-max-prime=2000000 --num-threads=2 --max-requests=10 run,1551.45ms,7.7611s,2
1573942490-0,i-061f3d47b6ec6d899,m5d.large,7.781124591827393, --test=cpu --cpu-max-prime=2000000 --num-threads=2 --max-requests=10 run,1551.51ms,7.7616s,2
1573942490-0,i-061f3d47b6ec6d899,m5d.large,7.781424283981323, --test=cpu --cpu-max-prime=2000000 --num-threads=2 --max-requests=10 run,1551.75ms,7.7626s,2
1573942490-0,i-061f3d47b6ec6d899,m5d.large,7.792651414871216, --test=cpu --cpu-max-prime=2000000 --num-threads=2 --max-requests=10 run,1553.07ms,7.7732s,2
1573942490-0,i-061f3d47b6ec6d899,m5d.large,7.782331466674805, --test=cpu --cpu-max-prime=2000000 --num-threads=2 --max-requests=10 run,1551.75ms,7.7627s,2
1573942490-0,i-061f3d47b6ec6d899,m5d.large,7.7847630977630615, --test=cpu --cpu-max-prime=2000000 --num-threads=2 --max-requests=10 run,1552.13ms,7.7650s,2
1573942490-0,i-0c1b44f5929053a0c,m5d.large,8.013794183731079, --test=cpu --cpu-max-prime=2000000 --num-threads=2 --max-requests=10 run,1597.27ms,7.9874s,2
1573942490-0,i-0c1b44f5929053a0c,m5d.large,8.004777669906616, --test=cpu --cpu-max-prime=2000000 --num-threads=2 --max-requests=10 run,1597.08ms,7.9882s,2
1573942490-0,i-0c1b44f5929053a0c,m5d.large,8.011906623840332, --test=cpu --cpu-max-prime=2000000 --num-threads=2 --max-requests=10 run,1598.47ms,7.9950s,2
1573942490-0,i-0c1b44f5929053a0c,m5d.large,8.008738279342651, --test=cpu --cpu-max-prime=2000000 --num-threads=2 --max-requests=10 run,1597.59ms,7.9908s,2
1573942490-0,i-0c1b44f5929053a0c,m5d.large,8.007781267166138, --test=cpu --cpu-max-prime=2000000 --num-threads=2 --max-requests=10 run,1597.14ms,7.9888s,2
1573942490-0,i-0c1b44f5929053a0c,m5d.large,8.00642442703247, --test=cpu --cpu-max-prime=2000000 --num-threads=2 --max-requests=10 run,1597.00ms,7.9883s,2
1573942490-0,i-0c1b44f5929053a0c,m5d.large,8.017634153366089, --test=cpu --cpu-max-prime=2000000 --num-threads=2 --max-requests=10 run,1598.29ms,7.9997s,2
1573942490-0,i-0c1b44f5929053a0c,m5d.large,8.010992288589478, --test=cpu --cpu-max-prime=2000000 --num-threads=2 --max-requests=10 run,1598.22ms,7.9917s,2
1573942490-0,i-0c1b44f5929053a0c,m5d.large,8.006602764129639, --test=cpu --cpu-max-prime=2000000 --num-threads=2 --max-requests=10 run,1597.55ms,7.9883s,2
1573942490-0,i-0c1b44f5929053a0c,m5d.large,8.006006002426147, --test=cpu --cpu-max-prime=2000000 --num-threads=2 --max-requests=10 run,1597.06ms,7.9877s,2
1573942490-0,i-0f0e24c09425eac71,m5d.large,8.02951693534851, --test=cpu --cpu-max-prime=2000000 --num-threads=2 --max-requests=10 run,1596.84ms,7.9875s,2
1573942490-0,i-0f0e24c09425eac71,m5d.large,8.012455224990845, --test=cpu --cpu-max-prime=2000000 --num-threads=2 --max-requests=10 run,1596.83ms,7.9875s,2
1573942490-0,i-0f0e24c09425eac71,m5d.large,8.016254186630249, --test=cpu --cpu-max-prime=2000000 --num-threads=2 --max-requests=10 run,1598.31ms,7.9932s,2
1573942490-0,i-0f0e24c09425eac71,m5d.large,8.020381212234497, --test=cpu --cpu-max-prime=2000000 --num-threads=2 --max-requests=10 run,1598.58ms,7.9965s,2
1573942490-0,i-0f0e24c09425eac71,m5d.large,8.015554666519165, --test=cpu --cpu-max-prime=2000000 --num-threads=2 --max-requests=10 run,1596.76ms,7.9871s,2
1573942490-0,i-0f0e24c09425eac71,m5d.large,8.012458324432373, --test=cpu --cpu-max-prime=2000000 --num-threads=2 --max-requests=10 run,1596.73ms,7.9865s,2
1573942490-0,i-0f0e24c09425eac71,m5d.large,8.019153356552124, --test=cpu --cpu-max-prime=2000000 --num-threads=2 --max-requests=10 run,1597.50ms,7.9934s,2
1573942490-0,i-0f0e24c09425eac71,m5d.large,8.020129203796387, --test=cpu --cpu-max-prime=2000000 --num-threads=2 --max-requests=10 run,1597.43ms,7.9922s,2
1573942490-0,i-0f0e24c09425eac71,m5d.large,8.01118278503418, --test=cpu --cpu-max-prime=2000000 --num-threads=2 --max-requests=10 run,1596.78ms,7.9868s,2
1573942490-0,i-0f0e24c09425eac71,m5d.large,8.018813848495483, --test=cpu --cpu-max-prime=2000000 --num-threads=2 --max-requests=10 run,1597.52ms,7.9927s,2
1573942490-0,i-0098bacd16b57b4dc,m5d.large,7.91236138343811, --test=cpu --cpu-max-prime=2000000 --num-threads=2 --max-requests=10 run,1551.56ms,7.7594s,2
1573942490-0,i-0098bacd16b57b4dc,m5d.large,7.779425621032715, --test=cpu --cpu-max-prime=2000000 --num-threads=2 --max-requests=10 run,1551.76ms,7.7599s,2
1573942490-0,i-0098bacd16b57b4dc,m5d.large,7.781015872955322, --test=cpu --cpu-max-prime=2000000 --num-threads=2 --max-requests=10 run,1551.77ms,7.7612s,2
1573942490-0,i-0098bacd16b57b4dc,m5d.large,7.8012778759002686, --test=cpu --cpu-max-prime=2000000 --num-threads=2 --max-requests=10 run,1554.37ms,7.7838s,2
1573942490-0,i-0098bacd16b57b4dc,m5d.large,7.780401945114136, --test=cpu --cpu-max-prime=2000000 --num-threads=2 --max-requests=10 run,1551.33ms,7.7590s,2
1573942490-0,i-0098bacd16b57b4dc,m5d.large,7.777767181396484, --test=cpu --cpu-max-prime=2000000 --num-threads=2 --max-requests=10 run,1551.37ms,7.7589s,2
1573942490-0,i-0098bacd16b57b4dc,m5d.large,7.77984356880188, --test=cpu --cpu-max-prime=2000000 --num-threads=2 --max-requests=10 run,1551.36ms,7.7589s,2
1573942490-0,i-0098bacd16b57b4dc,m5d.large,7.7919228076934814, --test=cpu --cpu-max-prime=2000000 --num-threads=2 --max-requests=10 run,1553.00ms,7.7710s,2
1573942490-0,i-0098bacd16b57b4dc,m5d.large,7.78087592124939, --test=cpu --cpu-max-prime=2000000 --num-threads=2 --max-requests=10 run,1551.50ms,7.7606s,2
1573942490-0,i-0098bacd16b57b4dc,m5d.large,7.781086444854736, --test=cpu --cpu-max-prime=2000000 --num-threads=2 --max-requests=10 run,1551.61ms,7.7608s,2
1573942490-0,i-0e9ad9f08cc1486c9,m5d.large,8.146061420440674, --test=cpu --cpu-max-prime=2000000 --num-threads=2 --max-requests=10 run,1597.75ms,7.9901s,2
1573942490-0,i-0e9ad9f08cc1486c9,m5d.large,8.010801076889038, --test=cpu --cpu-max-prime=2000000 --num-threads=2 --max-requests=10 run,1597.03ms,7.9861s,2
1573942490-0,i-0e9ad9f08cc1486c9,m5d.large,8.010966062545776, --test=cpu --cpu-max-prime=2000000 --num-threads=2 --max-requests=10 run,1596.93ms,7.9868s,2
1573942490-0,i-0e9ad9f08cc1486c9,m5d.large,8.024595022201538, --test=cpu --cpu-max-prime=2000000 --num-threads=2 --max-requests=10 run,1599.72ms,8.0020s,2
1573942490-0,i-0e9ad9f08cc1486c9,m5d.large,8.010346174240112, --test=cpu --cpu-max-prime=2000000 --num-threads=2 --max-requests=10 run,1596.88ms,7.9862s,2
1573942490-0,i-0e9ad9f08cc1486c9,m5d.large,8.012621402740479, --test=cpu --cpu-max-prime=2000000 --num-threads=2 --max-requests=10 run,1597.02ms,7.9868s,2
1573942490-0,i-0e9ad9f08cc1486c9,m5d.large,8.011049747467041, --test=cpu --cpu-max-prime=2000000 --num-threads=2 --max-requests=10 run,1596.77ms,7.9860s,2
1573942490-0,i-0e9ad9f08cc1486c9,m5d.large,8.023793697357178, --test=cpu --cpu-max-prime=2000000 --num-threads=2 --max-requests=10 run,1599.10ms,7.9971s,2
1573942490-0,i-0e9ad9f08cc1486c9,m5d.large,8.01585602760315, --test=cpu --cpu-max-prime=2000000 --num-threads=2 --max-requests=10 run,1597.45ms,7.9899s,2
1573942490-0,i-0e9ad9f08cc1486c9,m5d.large,8.014130353927612, --test=cpu --cpu-max-prime=2000000 --num-threads=2 --max-requests=10 run,1597.01ms,7.9868s,2
1573942490-0,i-0062d028d4b1b0c17,m5d.large,8.111534118652344, --test=cpu --cpu-max-prime=2000000 --num-threads=2 --max-requests=10 run,1597.58ms,7.9887s,2
1573942490-0,i-0062d028d4b1b0c17,m5d.large,8.010838031768799, --test=cpu --cpu-max-prime=2000000 --num-threads=2 --max-requests=10 run,1597.24ms,7.9877s,2
1573942490-0,i-0062d028d4b1b0c17,m5d.large,8.005757093429565, --test=cpu --cpu-max-prime=2000000 --num-threads=2 --max-requests=10 run,1597.16ms,7.9859s,2
1573942490-0,i-0062d028d4b1b0c17,m5d.large,8.018543243408203, --test=cpu --cpu-max-prime=2000000 --num-threads=2 --max-requests=10 run,1598.07ms,7.9966s,2
1573942490-0,i-0062d028d4b1b0c17,m5d.large,8.011632442474365, --test=cpu --cpu-max-prime=2000000 --num-threads=2 --max-requests=10 run,1596.90ms,7.9872s,2
1573942490-0,i-0062d028d4b1b0c17,m5d.large,8.01133108139038, --test=cpu --cpu-max-prime=2000000 --num-threads=2 --max-requests=10 run,1596.88ms,7.9870s,2
1573942490-0,i-0062d028d4b1b0c17,m5d.large,8.011482954025269, --test=cpu --cpu-max-prime=2000000 --num-threads=2 --max-requests=10 run,1596.92ms,7.9885s,2
1573942490-0,i-0062d028d4b1b0c17,m5d.large,8.016170740127563, --test=cpu --cpu-max-prime=2000000 --num-threads=2 --max-requests=10 run,1598.35ms,7.9930s,2
1573942490-0,i-0062d028d4b1b0c17,m5d.large,8.009081840515137, --test=cpu --cpu-max-prime=2000000 --num-threads=2 --max-requests=10 run,1596.96ms,7.9864s,2
1573942490-0,i-0062d028d4b1b0c17,m5d.large,8.009550333023071, --test=cpu --cpu-max-prime=2000000 --num-threads=2 --max-requests=10 run,1596.93ms,7.9859s,2
1573942490-0,i-03431dab34bcb014e,m5d.large,7.791734218597412, --test=cpu --cpu-max-prime=2000000 --num-threads=2 --max-requests=10 run,1551.94ms,7.7635s,2
1573942490-0,i-03431dab34bcb014e,m5d.large,7.780184507369995, --test=cpu --cpu-max-prime=2000000 --num-threads=2 --max-requests=10 run,1552.13ms,7.7610s,2
1573942490-0,i-03431dab34bcb014e,m5d.large,7.790329217910767, --test=cpu --cpu-max-prime=2000000 --num-threads=2 --max-requests=10 run,1552.65ms,7.7712s,2
1573942490-0,i-03431dab34bcb014e,m5d.large,7.793689489364624, --test=cpu --cpu-max-prime=2000000 --num-threads=2 --max-requests=10 run,1552.92ms,7.7751s,2
1573942490-0,i-03431dab34bcb014e,m5d.large,7.781591415405273, --test=cpu --cpu-max-prime=2000000 --num-threads=2 --max-requests=10 run,1551.48ms,7.7600s,2
1573942490-0,i-03431dab34bcb014e,m5d.large,7.782164812088013, --test=cpu --cpu-max-prime=2000000 --num-threads=2 --max-requests=10 run,1551.55ms,7.7611s,2
1573942490-0,i-03431dab34bcb014e,m5d.large,7.78639554977417, --test=cpu --cpu-max-prime=2000000 --num-threads=2 --max-requests=10 run,1552.71ms,7.7648s,2
1573942490-0,i-03431dab34bcb014e,m5d.large,7.788908958435059, --test=cpu --cpu-max-prime=2000000 --num-threads=2 --max-requests=10 run,1552.58ms,7.7652s,2
1573942490-0,i-03431dab34bcb014e,m5d.large,7.780370712280273, --test=cpu --cpu-max-prime=2000000 --num-threads=2 --max-requests=10 run,1551.87ms,7.7595s,2
1573942490-0,i-03431dab34bcb014e,m5d.large,7.779705762863159, --test=cpu --cpu-max-prime=2000000 --num-threads=2 --max-requests=10 run,1551.75ms,7.7594s,2
1573942490-0,i-0f83d46715e5b7ba9,m5d.large,7.929255485534668, --test=cpu --cpu-max-prime=2000000 --num-threads=2 --max-requests=10 run,1551.89ms,7.7614s,2
1573942490-0,i-0f83d46715e5b7ba9,m5d.large,7.7806715965271, --test=cpu --cpu-max-prime=2000000 --num-threads=2 --max-requests=10 run,1551.44ms,7.7588s,2
1573942490-0,i-0f83d46715e5b7ba9,m5d.large,7.783677339553833, --test=cpu --cpu-max-prime=2000000 --num-threads=2 --max-requests=10 run,1551.37ms,7.7584s,2
1573942490-0,i-0f83d46715e5b7ba9,m5d.large,7.792060852050781, --test=cpu --cpu-max-prime=2000000 --num-threads=2 --max-requests=10 run,1553.10ms,7.7678s,2
1573942490-0,i-0f83d46715e5b7ba9,m5d.large,7.7836079597473145, --test=cpu --cpu-max-prime=2000000 --num-threads=2 --max-requests=10 run,1551.65ms,7.7605s,2
1573942490-0,i-0f83d46715e5b7ba9,m5d.large,7.783299922943115, --test=cpu --cpu-max-prime=2000000 --num-threads=2 --max-requests=10 run,1551.43ms,7.7588s,2
1573942490-0,i-0f83d46715e5b7ba9,m5d.large,7.788249731063843, --test=cpu --cpu-max-prime=2000000 --num-threads=2 --max-requests=10 run,1552.04ms,7.7643s,2
1573942490-0,i-0f83d46715e5b7ba9,m5d.large,7.791847229003906, --test=cpu --cpu-max-prime=2000000 --num-threads=2 --max-requests=10 run,1552.28ms,7.7644s,2
1573942490-0,i-0f83d46715e5b7ba9,m5d.large,7.787395000457764, --test=cpu --cpu-max-prime=2000000 --num-threads=2 --max-requests=10 run,1551.74ms,7.7631s,2
1573942490-0,i-0f83d46715e5b7ba9,m5d.large,7.783470869064331, --test=cpu --cpu-max-prime=2000000 --num-threads=2 --max-requests=10 run,1551.45ms,7.7592s,2
